"","COUNTY","NAME","YEAR","win_rate","shannon_index","hhi","ESTAB","STATE","log_shannon","log_hhi","Post","event_time","log_estab","Post_Placebo","HHI_rank"
"1","01017","Chambers County, Alabama",2022,0.22,3.63945323497188,406.468215530078,526,"AL",1.29183346019341,6.00750573535291,1,5,6.26530121273771,1,336
"2","01073","Jefferson County, Alabama",2022,0.65,4.55174761970872,180.85800085245,16864,"AL",1.51551125146199,5.19771219768744,1,5,9.73293645134109,1,85
"3","01081","Lee County, Alabama",2022,0.209876543209877,4.3682393936541,235.245877581243,3213,"AL",1.47436004318029,5.46063125474656,1,5,8.07496035911586,1,297
"4","01087","Macon County, Alabama",2022,0.242424242424242,2.82998796193361,698.611111111111,120,"AL",1.04027245791239,6.54909423707177,1,5,4.78749174278205,1,342
"5","01089","Madison County, Alabama",2022,0.285714285714286,4.42952824748952,202.143614985678,9155,"AL",1.48829308797785,5.30897841006075,1,5,9.12205545710861,1,210
"6","01101","Montgomery County, Alabama",2022,0.22972972972973,4.53891121257533,174.970578512397,5500,"AL",1.51268716227295,5.16461783700299,1,5,8.61250337122056,1,44
"7","01117","Shelby County, Alabama",2022,0.28,4.49348849032807,176.933963075242,5478,"AL",1.50262934670833,5.17577657298807,1,5,8.60849534982302,1,58
"8","04013","Maricopa County, Arizona",2022,1,4.51304459720892,191.135392580138,107504,"AZ",1.50697200273907,5.25298203859897,1,5,11.5852833351599,1,149
"9","04019","Pima County, Arizona",2022,0.475,4.51582419909333,186.467082597888,20995,"AZ",1.50758771707382,5.22825472269015,1,5,9.95203959311829,1,122
"10","04021","Pinal County, Arizona",2022,1,4.43841367697342,194.774109563244,4466,"AZ",1.4902970326435,5.27184047458919,1,5,8.4042484324001,1,169
"11","05007","Benton County, Arkansas",2022,0.863636363636364,4.35111133372297,233.243549835218,7470,"AR",1.47043129148816,5.45208318590551,1,5,8.91865027812686,1,293
"12","05119","Pulaski County, Arkansas",2022,0.299539170506912,4.5362753593327,179.738762768352,12160,"AR",1.51210626990322,5.19150447875462,1,5,9.40590715552016,1,71
"13","06001","Alameda County, California",2022,0.200784826684107,4.56666516328082,194.767138917698,41931,"CA",1.51878321495734,5.27180468559085,1,5,10.643780689153,1,168
"14","06013","Contra Costa County, California",2022,0.151996565049377,4.42819982311481,202.445919208434,25569,"CA",1.48799314099956,5.31047278524085,1,5,10.1491359591904,1,212
"15","06017","El Dorado County, California",2022,0.13,4.340182798873,221.626756152496,4910,"CA",1.4679164667813,5.40099468834491,1,5,8.49902922078857,1,275
"16","06019","Fresno County, California",2022,0.5,4.48831848300302,205.268026649978,18849,"CA",1.50147812893859,5.32431657224681,1,5,9.84421514107106,1,229
"17","06029","Kern County, California",2022,0.96,4.46969112939895,217.866393828647,14154,"CA",1.49731930766959,5.38388200256041,1,5,9.55775254863573,1,266
"18","06037","Los Angeles County, California",2022,0.287047619047619,4.53881811505158,190.33996834473,303964,"CA",1.51266665108113,5.2488117803351,1,5,12.6246645523234,1,140
"19","06041","Marin County, California",2022,0.31740614334471,4.40906280237333,197.26232485148,10003,"CA",1.4836621504053,5.28453444117818,1,5,9.21064032698518,1,183
"20","06053","Monterey County, California",2022,0.275862068965517,4.468783879593,206.34061898951,9017,"CA",1.49711630887883,5.32952829351997,1,5,9.10686696349991,1,233
"21","06059","Orange County, California",2022,0.306522473808719,4.51892852735951,193.161488135775,106144,"CA",1.50827491427386,5.26352656513685,1,5,11.5725519417468,1,158
"22","06061","Placer County, California",2022,0.425,4.40827368220829,202.927079292716,11975,"CA",1.48348315753857,5.3128466992017,1,5,9.39057642227912,1,216
"23","06065","Riverside County, California",2022,0.397849462365591,4.52135423582547,201.431575243366,45502,"CA",1.50881155866602,5.30544974676143,1,5,10.725511560017,1,208
"24","06067","Sacramento County, California",2022,0.153236459709379,4.48641948234273,198.987452097606,33323,"CA",1.50105494094225,5.29324176795056,1,5,10.4140031282422,1,196
"25","06071","San Bernardino County, California",2022,0.307443365695793,4.56998373693187,197.968567228375,41953,"CA",1.51950964624155,5.28810826672036,1,5,10.6443052230452,1,188
"26","06073","San Diego County, California",2022,0.594368340943683,4.51840277270475,193.308647192097,92713,"CA",1.50815856252402,5.26428811978226,1,5,11.4372639790463,1,161
"27","06075","San Francisco County, California",2022,1,4.34815028999019,241.735108272914,33421,"CA",1.46975053397673,5.48784253273767,1,5,10.416939723904,1,301
"28","06077","San Joaquin County, California",2022,0.322033898305085,4.46636523028984,219.608081146263,13238,"CA",1.49657493025548,5.39184450834929,1,5,9.49084676067887,1,273
"29","06081","San Mateo County, California",2022,0.1923828125,4.45988226728965,199.204224025962,21565,"CA",1.49512236821487,5.29433054987528,1,5,9.97882690908194,1,198
"30","06083","Santa Barbara County, California",2022,0.434343434343434,4.53684083099143,186.097744850457,12299,"CA",1.51223091763121,5.2262720456299,1,5,9.41727323724241,1,117
"31","06085","Santa Clara County, California",2022,0.273358611055677,4.42305358617707,219.361374090194,48706,"CA",1.48683031415919,5.3907204798817,1,5,10.7935575047672,1,271
"32","06087","Santa Cruz County, California",2022,0.444444444444444,4.47412876792521,199.593449515622,7109,"CA",1.49831164404071,5.29628254528083,1,5,8.86911686592948,1,200
"33","06095","Solano County, California",2022,0.196078431372549,4.48522046247642,204.900697467119,7599,"CA",1.5007876498158,5.32252545917815,1,5,8.93577193866978,1,226
"34","06097","Sonoma County, California",2022,0.417582417582418,4.54028570278862,187.481439731256,14573,"CA",1.51298994020289,5.23367985241085,1,5,9.5869257805337,1,124
"35","06111","Ventura County, California",2022,0.185022026431718,4.57013033850102,176.332560696624,22691,"CA",1.51954172495915,5.17237176149793,1,5,10.0297236490813,1,52
"36","08001","Adams County, Colorado",2022,0.461538461538462,4.53285019052154,181.249730664999,11090,"CO",1.51135092277406,5.19987580774747,1,5,9.31379908034441,1,89
"37","08005","Arapahoe County, Colorado",2022,0.266331658291457,4.45309515169526,184.350537619445,20060,"CO",1.49359939410931,5.2168390409734,1,5,9.90648306151593,1,104
"38","08013","Boulder County, Colorado",2022,0.335195530726257,4.40456610165883,219.603666498689,12928,"CO",1.48264175321054,5.39182440575596,1,5,9.46715078076088,1,272
"39","08014","Broomfield County, Colorado",2022,0.366666666666667,4.26740580761979,213.198216890498,2256,"CO",1.4510061034147,5.36222232870371,1,5,7.72134861261795,1,258
"40","08031","Denver County, Colorado",2022,0.386167146974063,4.48316728724254,203.107715815343,27285,"CO",1.5003297803911,5.31373645809291,1,5,10.2140923796203,1,219
"41","08035","Douglas County, Colorado",2022,0.205741626794258,4.31494631212259,222.24555013395,10331,"CO",1.46208488230795,5.40378285229909,1,5,9.24290436284945,1,277
"42","08041","El Paso County, Colorado",2022,0.333333333333333,4.42237279920512,202.195601898517,18706,"CO",1.48667638444599,5.30923555510607,1,5,9.8365996069945,1,211
"43","08059","Jefferson County, Colorado",2022,0.575,4.40796356811901,202.611302542609,18007,"CO",1.48341280687068,5.31128937773438,1,5,9.7985158501695,1,214
"44","08069","Larimer County, Colorado",2022,0.8,4.47340429888166,190.88321144353,11671,"CO",1.49814970688111,5.25166178261886,1,5,9.36486241141235,1,145
"45","08123","Weld County, Colorado",2022,0.375,4.4934127931843,184.472573598508,7245,"CO",1.50261250060279,5.21750079984808,1,5,8.88806685475478,1,105
"46","10003","New Castle County, Delaware",2022,0.286885245901639,4.56935700781629,168.880519232456,17551,"DE",1.51937249649868,5.12919147809986,1,5,9.77286620732769,1,25
"47","11001","District of Columbia, District of Columbia",2022,0.560869565217391,4.18502744747617,270.228209049729,23812,"DC",1.43151326245665,5.59926682070489,1,5,10.0779449342733,1,317
"48","12001","Alachua County, Florida",2022,0.361702127659574,4.44279101849061,198.255280465135,6568,"FL",1.49128278672118,5.28955549554554,1,5,8.78996465113226,1,191
"49","12009","Brevard County, Florida",2022,0.0687830687830688,4.47506745647814,193.644174403634,15387,"FL",1.49852142568653,5.26602232238733,1,5,9.64127827605738,1,164
"50","12011","Broward County, Florida",2022,0.801195814648729,4.51751153697514,182.975407803122,67174,"FL",1.50796129732164,5.20935176022164,1,5,11.1150415468824,1,96
"51","12031","Duval County, Florida",2022,0.18864774624374,4.51036781567351,180.655998425394,27981,"FL",1.50637870577082,5.19659466172212,1,5,10.239280987395,1,84
"52","12057","Hillsborough County, Florida",2022,0.128071900014043,4.51388397307671,175.577114525472,42273,"FL",1.50715797427162,5.16807834540399,1,5,10.6519038633632,1,48
"53","12065","Jefferson County, Florida",2022,0.0909090909090909,3.1974656150325,491.324472166531,201,"FL",1.16235850070937,6.19710474897932,1,5,5.30330490805908,1,338
"54","12069","Lake County, Florida",2022,0.214285714285714,4.43105022333486,199.712001868285,8558,"FL",1.48863662669044,5.29687633810653,1,5,9.05462179697676,1,202
"55","12071","Lee County, Florida",2022,0.536585365853659,4.37661421181698,216.550931076512,22093,"FL",1.4762754144606,5.37782576724277,1,5,10.003016095251,1,263
"56","12073","Leon County, Florida",2022,0.180851063829787,4.38192557166322,204.345729824994,7993,"FL",1.47748825601379,5.31981331341316,1,5,8.98632143762602,1,224
"57","12081","Manatee County, Florida",2022,0.4,4.44473168025653,195.642671869912,10812,"FL",1.49171950274713,5.27628989265167,1,5,9.28841190739634,1,176
"58","12086","Miami-Dade County, Florida",2022,0.28694900605013,4.56357805226247,171.51686487909,95791,"FL",1.518106976425,5.14468159925859,1,5,11.4699240138255,1,31
"59","12095","Orange County, Florida",2022,0.225997045790251,4.51961589823661,183.862822170094,44527,"FL",1.50842701196704,5.21418994787776,1,5,10.7038510257341,1,101
"60","12097","Osceola County, Florida",2022,0.28125,4.31534419725269,230.665518756185,8179,"FL",1.46217708896773,5.44096869044665,1,5,9.00932517273497,1,289
"61","12099","Palm Beach County, Florida",2022,0.0907457322551662,4.44967311523557,195.686158400371,54795,"FL",1.4928306362296,5.27651214323621,1,5,10.9113542278975,1,177
"62","12101","Pasco County, Florida",2022,0.463414634146341,4.42705128135406,196.767246158346,11489,"FL",1.48773373745388,5.28202153864457,1,5,9.34914533485336,1,181
"63","12103","Pinellas County, Florida",2022,0.298245614035088,4.50127864886559,188.788641008248,31820,"FL",1.50436150060731,5.24062808775024,1,5,10.3678503018918,1,132
"64","12105","Polk County, Florida",2022,0.774193548387097,4.53796151029358,174.808339735833,13608,"FL",1.51247790467637,5.16369017224257,1,5,9.5184131340757,1,42
"65","12115","Sarasota County, Florida",2022,0.576923076923077,4.38780664557033,207.637304692284,15621,"FL",1.47882947707802,5.33579283019805,1,5,9.65637144183101,1,242
"66","12117","Seminole County, Florida",2022,0.192192192192192,4.46081824867345,186.961390629354,14674,"FL",1.49533221303267,5.23090212831459,1,5,9.59383249927394,1,123
"67","13057","Cherokee County, Georgia",2022,0.166219839142091,4.37185894979206,204.255912668141,6267,"GA",1.4751883076237,5.31937368151275,1,5,8.74305305022468,1,223
"68","13063","Clayton County, Georgia",2022,0.260869565217391,4.33780274766118,225.50860853672,4104,"GA",1.46736794056891,5.41835833354321,1,5,8.31971738685061,1,278
"69","13067","Cobb County, Georgia",2022,0.323619631901841,4.4801807860258,185.594236621509,22055,"GA",1.49966339963631,5.22356276718412,1,5,10.001294612539,1,113
"70","13089","DeKalb County, Georgia",2022,0.277930654925702,4.47538804375106,198.379227645154,18241,"GA",1.49859306165479,5.29018049000023,1,5,9.81142708668691,1,192
"71","13113","Fayette County, Georgia",2022,0.215909090909091,4.36239664691244,202.953713031897,3872,"GA",1.47302159599574,5.3129779384213,1,5,8.26152644839647,1,218
"72","13117","Forsyth County, Georgia",2022,0.159457478005865,4.3143985815935,249.320053204302,7725,"GA",1.46195793627982,5.51873742533828,1,5,8.95221710176595,1,306
"73","13121","Fulton County, Georgia",2022,0.243104021269525,4.44167616496173,208.162742647932,40591,"GA",1.49103181983443,5.33832019034963,1,5,10.6113016461395,1,246
"74","13135","Gwinnett County, Georgia",2022,0.143026004728132,4.4858939559071,190.658171434247,27128,"GA",1.5009377969214,5.25048214630428,1,5,10.2083216838055,1,144
"75","13151","Henry County, Georgia",2022,0.0606060606060606,4.28475313522004,230.978374887773,4461,"GA",1.45506293900625,5.44232409093517,1,5,8.40312823512826,1,290
"76","13217","Newton County, Georgia",2022,0.285714285714286,4.19197255650633,241.702291216994,1537,"GA",1.43317140036237,5.48770676725488,1,5,7.3375877435386,1,300
"77","13247","Rockdale County, Georgia",2022,0.266666666666667,4.33782961312291,200.940773255563,2196,"GA",1.46737413388385,5.30301020421808,1,5,7.69439280262942,1,206
"78","13285","Troup County, Georgia",2022,0.16,4.27952624305078,216.29864072782,1597,"GA",1.45384231259103,5.37666004874056,1,5,7.37588214821501,1,262
"79","15003","Honolulu County, Hawaii",2022,0.413333333333333,4.44986195634181,228.008517497362,20899,"HI",1.4928730746502,5.42938298570124,1,5,9.94745658991825,1,281
"80","16001","Ada County, Idaho",2022,0.686390532544379,4.48185280908289,184.479443100073,16734,"ID",1.50003653438497,5.21753803776117,1,5,9.72519785685554,1,106
"81","16015","Boise County, Idaho",2022,0.789855072463768,2.84093401364421,684.116597263534,123,"ID",1.04413287614832,6.52812836693082,1,5,4.81218435537242,1,341
"82","16039","Elmore County, Idaho",2022,0.789855072463768,3.75552368698133,321.1883841377,394,"ID",1.32322773940172,5.77202781746382,1,5,5.97635090929793,1,327
"83","17031","Cook County, Illinois",2022,0.375,4.53515783869443,190.414834901013,134752,"IL",1.5118598875247,5.24920503371817,1,5,11.8111913309617,1,143
"84","17043","DuPage County, Illinois",2022,0.189097103918228,4.54723615710279,176.583609874834,34203,"IL",1.51451961039827,5.17379447454703,1,5,10.4400686385018,1,55
"85","17089","Kane County, Illinois",2022,0.218954248366013,4.54717428121522,180.110806590887,13383,"IL",1.51450600294389,5.19357225366267,1,5,9.50174052379638,1,78
"86","17093","Kendall County, Illinois",2022,0.150684931506849,4.13856308331022,271.925242122119,2398,"IL",1.42034864626452,5.60552718337988,1,5,7.78239033558746,1,318
"87","17097","Lake County, Illinois",2022,0.449678800856531,4.50482352584845,186.394950385749,19944,"IL",1.5051487173404,5.22786781167934,1,5,9.90068362520339,1,121
"88","17111","McHenry County, Illinois",2022,0.470588235294118,4.48181415880051,194.247607320803,8015,"IL",1.50002791061915,5.26913367164707,1,5,8.98907006504365,1,167
"89","17113","McLean County, Illinois",2022,0.106854838709677,4.42669786326591,194.932730504088,3372,"IL",1.48765390277987,5.27265452727339,1,5,8.12326131912175,1,171
"90","17143","Peoria County, Illinois",2022,0.4625,4.50547480098511,184.50597420169,4153,"IL",1.50529327973205,5.21768184345331,1,5,8.33158624363075,1,107
"91","17161","Rock Island County, Illinois",2022,0.260869565217391,4.4299250489332,208.466172120563,2954,"IL",1.48838266493721,5.33977678404979,1,5,7.99091546309133,1,248
"92","17163","St. Clair County, Illinois",2022,0.521739130434783,4.47564248849005,189.748446102852,4951,"IL",1.49864991426816,5.24569922706093,1,5,8.50734485536142,1,136
"93","17167","Sangamon County, Illinois",2022,0.170634920634921,4.48718328006235,187.70590568869,4762,"IL",1.50122517306455,5.23487640654284,1,5,8.46842302704681,1,126
"94","17197","Will County, Illinois",2022,0.248618784530387,4.44879413427679,218.71546445351,16835,"IL",1.49263307839475,5.38777163598992,1,5,9.73121533159518,1,269
"95","18003","Allen County, Indiana",2022,0.346153846153846,4.61413565899865,164.491603476464,9537,"IN",1.52912456092287,5.10285952620644,1,5,9.16293424957891,1,14
"96","18005","Bartholomew County, Indiana",2022,0.583333333333333,4.37864948159323,191.609364135054,1806,"IN",1.47674033930677,5.25545873769873,1,5,7.49886973397693,1,152
"97","18011","Boone County, Indiana",2022,0.464285714285714,4.3410546164487,188.84546497577,1698,"IN",1.46811731777452,5.24092903497428,1,5,7.43720636687129,1,133
"98","18057","Hamilton County, Indiana",2022,0.326666666666667,4.38670197445016,205.082110422156,10104,"IN",1.47857768608348,5.32341043758888,1,5,9.22068666403033,1,227
"99","18063","Hendricks County, Indiana",2022,0.27027027027027,4.37631594420308,208.60407356742,3746,"IN",1.47620726182858,5.34043807050361,1,5,8.22844388300403,1,249
"100","18085","Kosciusko County, Indiana",2022,0.465116279069767,4.45315360503812,190.373992555153,1936,"IN",1.49361252047585,5.24899051930456,1,5,7.56837926783652,1,141
"101","18097","Marion County, Indiana",2022,0.187604690117253,4.61400969153515,167.155750925016,23933,"IN",1.52909726021211,5.11892601804759,1,5,10.0830135386946,1,19
"102","18157","Tippecanoe County, Indiana",2022,0.380952380952381,4.41470642541632,214.289714148752,3667,"IN",1.48494133703561,5.36732890388829,1,5,8.20712916807133,1,259
"103","19049","Dallas County, Iowa",2022,0.163461538461538,4.19353058721168,217.880442442069,2345,"IA",1.43354300137344,5.38394648318199,1,5,7.76004068088038,1,267
"104","19113","Linn County, Iowa",2022,0.5,4.56175686433201,168.323477875598,5742,"IA",1.51770782659186,5.12588759161962,1,5,8.65556286068101,1,24
"105","19153","Polk County, Iowa",2022,0.251633986928105,4.55704989034672,165.350965409324,13771,"IA",1.51667546029,5.10807027799149,1,5,9.53032021072713,1,15
"106","19169","Story County, Iowa",2022,0.043956043956044,4.34175824702632,206.859767772989,2082,"IA",1.46827939211385,5.33204111332014,1,5,7.64108424917491,1,236
"107","20091","Johnson County, Kansas",2022,0.239700374531835,4.46940116113792,180.579604584559,18739,"KS",1.49725443122539,5.19617170318017,1,5,9.83836219257567,1,82
"108","20173","Sedgwick County, Kansas",2022,0.441176470588235,4.56671235419007,181.043391943869,12494,"KS",1.51879354868309,5.19873673703061,1,5,9.43300380805352,1,87
"109","20177","Shawnee County, Kansas",2022,0.4,4.43218406392817,192.423360170983,4084,"KS",1.48889247925232,5.25969794547155,1,5,8.31483217928456,1,157
"110","21015","Boone County, Kentucky",2022,0.153846153846154,4.50773408178982,180.275116280713,3102,"KY",1.50579460636974,5.19448410782113,1,5,8.03980234373648,1,80
"111","21029","Bullitt County, Kentucky",2022,0.25974025974026,4.14765054760862,221.777415084003,1184,"KY",1.42254204082239,5.40167424414108,1,5,7.07665381544395,1,276
"112","21067","Fayette County, Kentucky",2022,0.40625,4.54790437219624,173.869802266853,9056,"KY",1.51466654932516,5.15830675629199,1,5,9.11118280044296,1,39
"113","21111","Jefferson County, Kentucky",2022,0.229166666666667,4.60478572924275,167.453012353399,20052,"KY",1.52709613860143,5.12070278864782,1,5,9.90608417838339,1,21
"114","21117","Kenton County, Kentucky",2022,0.27027027027027,4.39605774546182,197.590387523911,3159,"KY",1.48070817236543,5.28619613799645,1,5,8.05801080080209,1,185
"115","22033","East Baton Rouge Parish, Louisiana",2022,0.269230769230769,4.54336325725804,176.148043565996,12452,"LA",1.5136675433557,5.17132479808915,1,5,9.4296365315615,1,51
"116","22049","Jackson Parish, Louisiana",2022,0.04,3.05880901596664,591.989673347915,167,"LA",1.11802562973382,6.3834891910628,1,5,5.11799381241676,1,339
"117","22051","Jefferson Parish, Louisiana",2022,0.147058823529412,4.53755432241999,183.144758615198,11663,"LA",1.5123881714025,5.21027687082569,1,5,9.36417671669105,1,97
"118","22061","Lincoln Parish, Louisiana",2022,0.04,4.17982044087145,228.43137864533,1061,"LA",1.43026828888468,5.43123585295723,1,5,6.96696713861398,1,286
"119","22071","Orleans Parish, Louisiana",2022,0.555555555555556,4.37662699080507,261.655496923136,9894,"LA",1.47627833429059,5.56702874128524,1,5,9.19968379178765,1,313
"120","22111","Union Parish, Louisiana",2022,0.04,3.51457737357348,364.269050815207,277,"LA",1.25691928291958,5.89789274519071,1,5,5.62401750618734,1,333
"121","23005","Cumberland County, Maine",2022,0.645161290322581,4.57815326474941,172.434619699594,12120,"ME",1.52129569950852,5.15001814839237,1,5,9.40261225962331,1,32
"122","24003","Anne Arundel County, Maryland",2022,0.371134020618557,4.48099283559309,192.11052237024,14572,"MD",1.49984463696164,5.25807084375716,1,5,9.58685715812845,1,154
"123","24005","Baltimore County, Maryland",2022,0.223529411764706,4.5102568139934,176.998691997286,20291,"MD",1.50635409512917,5.17614234270068,1,5,9.91793271696762,1,59
"124","24021","Frederick County, Maryland",2022,0.354166666666667,4.42032234103822,193.579653125538,6389,"MD",1.4862126212672,5.26568907182729,1,5,8.76233304060234,1,162
"125","24027","Howard County, Maryland",2022,0.25398773006135,4.32397336559582,252.565048909239,9785,"MD",1.46417474009005,5.53166883497975,1,5,9.18860587983018,1,309
"126","24031","Montgomery County, Maryland",2022,0.303016400963413,4.34643003455001,212.930059104867,27675,"MD",1.46935482644435,5.36096375077713,1,5,10.2282847575768,1,255
"127","24033","Prince George's County, Maryland",2022,0.331775700934579,4.43093417977848,198.90168549652,16160,"MD",1.48861043762237,5.29281065991412,1,5,9.69029433207509,1,195
"128","24510","Baltimore city, Maryland",2022,0.272401433691756,4.52640881305784,207.271841797403,12298,"MD",1.50992886859796,5.33403117711092,1,5,9.41719192651341,1,238
"129","25005","Bristol County, Massachusetts",2022,0.407894736842105,4.54465752613802,195.110605125232,13082,"MA",1.51395237300554,5.27356660353377,1,5,9.47899251852116,1,173
"130","25009","Essex County, Massachusetts",2022,0.516320474777448,4.53263170273518,193.956307035056,19724,"MA",1.51130272064008,5.26763291222838,1,5,9.88959144734402,1,165
"131","25013","Hampden County, Massachusetts",2022,1,4.57282765625173,178.20802228449,9333,"MA",1.52013175672579,5.18295153245489,1,5,9.14131178556575,1,65
"132","25017","Middlesex County, Massachusetts",2022,0.383210509452099,4.52281323361781,184.001301727209,44436,"MA",1.50913419705367,5.21494283218836,1,5,10.7018052307016,1,102
"133","25021","Norfolk County, Massachusetts",2022,0.119428090832632,4.52037909601075,181.617549520716,20534,"MA",1.50859586112602,5.20190309982794,1,5,9.92983732785891,1,90
"134","25023","Plymouth County, Massachusetts",2022,0.445378151260504,4.47608146298653,201.755929599372,13205,"MA",1.49874799023637,5.30705869754528,1,5,9.48835082473123,1,209
"135","25025","Suffolk County, Massachusetts",2022,0.497264021887825,4.4262199155603,217.046342154571,21865,"MA",1.48754592759745,5.38011088905612,1,5,9.99264246384702,1,264
"136","25027","Worcester County, Massachusetts",2022,0.314176245210728,4.55211884799935,185.261919195789,18971,"MA",1.51559280544615,5.22177060324425,1,5,9.85066677635255,1,110
"137","26021","Berrien County, Michigan",2022,1,4.52635511241317,186.119189628004,3463,"MI",1.50991700467549,5.22638727293733,1,5,8.14989054440242,1,118
"138","26045","Eaton County, Michigan",2022,0.333333333333333,4.42614933703572,197.804236369577,2087,"MI",1.48752998191724,5.28727783639898,1,5,7.6434829070772,1,186
"139","26065","Ingham County, Michigan",2022,0.380952380952381,4.48672275091671,193.224287672734,6013,"MI",1.50112253567466,5.26385162646904,1,5,8.70167907103957,1,159
"140","26075","Jackson County, Michigan",2022,0.315789473684211,4.53279630578969,167.851784238801,2895,"MI",1.51133903509857,5.12308135332964,1,5,7.9707403900071,1,23
"141","26077","Kalamazoo County, Michigan",2022,0.615384615384615,4.56727468912466,182.443087509031,5592,"MI",1.51891667890709,5.20643827512187,1,5,8.62909228391365,1,94
"142","26081","Kent County, Michigan",2022,0.34640522875817,4.67230272816674,152.912760110934,17503,"MI",1.54165203969531,5.02986756341587,1,5,9.77012757379084,1,1
"143","26099","Macomb County, Michigan",2022,0.401606425702811,4.5189078579605,191.804794495321,19437,"MI",1.50827034030325,5.25647815950563,1,5,9.87493374511807,1,153
"144","26111","Midland County, Michigan",2022,0.710526315789474,4.27635547860161,217.127726852219,1726,"MI",1.45310112315025,5.38048578338727,1,5,7.45356187164337,1,265
"145","26125","Oakland County, Michigan",2022,0.35038503850385,4.57200821666094,172.971258843514,39435,"MI",1.51995254310088,5.1531254468435,1,5,10.5824090258321,1,37
"146","26139","Ottawa County, Michigan",2022,0.521739130434783,4.5983816136201,163.82665376287,6696,"MI",1.52570441846471,5.09880887956632,1,5,8.80926561216931,1,12
"147","26159","Van Buren County, Michigan",2022,1,4.26754900201156,228.350099771508,1244,"MI",1.4510396582243,5.43087997655453,1,5,7.12608727329912,1,284
"148","26161","Washtenaw County, Michigan",2022,0.279228149829739,4.50120978098951,191.264027946168,8132,"MI",1.50434620086511,5.25365481875489,1,5,9.00356217474824,1,150
"149","26163","Wayne County, Michigan",2022,0.28169014084507,4.56509268060931,194.924928292395,33267,"MI",1.51843881627442,5.2726145013228,1,5,10.4123211936213,1,170
"150","27003","Anoka County, Minnesota",2022,0.428571428571429,4.50211215808365,178.954270783944,8330,"MN",1.50454665512039,5.18713030272185,1,5,9.02761873516089,1,69
"151","27037","Dakota County, Minnesota",2022,0.204301075268817,4.56695028992799,163.608997005743,10884,"MN",1.51884564952089,5.09747941657917,1,5,9.29504909990314,1,10
"152","27053","Hennepin County, Minnesota",2022,0.49493487698987,4.59784370832431,160.446304669352,40584,"MN",1.52558743453324,5.0779593362489,1,5,10.6111291792465,1,4
"153","27109","Olmsted County, Minnesota",2022,1,4.44483440525859,185.55367076095,3662,"MN",1.49174261411187,5.22334417044727,1,5,8.20576472523446,1,111
"154","27123","Ramsey County, Minnesota",2022,0.410493827160494,4.61588472978322,162.737336906469,13574,"MN",1.52950355700995,5.09213747103525,1,5,9.5159114772637,1,8
"155","27139","Scott County, Minnesota",2022,0.102564102564103,4.37789172816039,202.793059106404,3552,"MN",1.47656726790413,5.31218604581774,1,5,8.17526610411206,1,215
"156","27163","Washington County, Minnesota",2022,0.26530612244898,4.44412839652617,181.919146063277,6308,"MN",1.49158376346761,5.20356233596789,1,5,8.74957394808293,1,92
"157","29051","Cole County, Missouri",2022,0.2,4.41212990149221,181.218980022591,2133,"MO",1.48435754372578,5.19970613438491,1,5,7.66528471847135,1,88
"158","29071","Franklin County, Missouri",2022,0.225806451612903,4.44236426215433,188.518041427739,2587,"MO",1.49118672619706,5.23919371280009,1,5,7.85825418218603,1,131
"159","29095","Jackson County, Missouri",2022,0.330578512396694,4.54572269214397,179.849714958287,18169,"MO",1.51418672316147,5.19212158525456,1,5,9.80747212410244,1,74
"160","29101","Johnson County, Missouri",2022,0.0476190476190476,4.05554418449717,245.667160007026,857,"MO",1.40008487942568,5.50397761168892,1,5,6.75343791859778,1,304
"161","29129","Mercer County, Missouri",2022,NA,1.92279076928903,1495.19890260631,27,"MO",0.653777656365145,7.31001452219667,1,5,3.29583686600433,1,346
"162","29183","St. Charles County, Missouri",2022,0.0533333333333333,4.43829415097104,199.169923653609,8898,"MO",1.49027010238857,5.29415834807636,1,5,9.09358181136599,1,197
"163","29189","St. Louis County, Missouri",2022,0.313926940639269,4.46945753503635,204.06268943265,30943,"MO",1.49726704444601,5.31842724777733,1,5,10.3399020812882,1,222
"164","29510","St. Louis city, Missouri",2022,0.477272727272727,4.348238175636,333.90825360449,9079,"MO",1.46977074596384,5.81086626543563,1,5,9.11371933337176,1,331
"165","31055","Douglas County, Nebraska",2022,0.662962962962963,4.49852000200623,181.952289567283,16614,"NE",1.50374845423755,5.20374450747602,1,5,9.71800099239902,1,93
"166","31109","Lancaster County, Nebraska",2022,0.815789473684211,4.48411907288089,182.952621314932,8867,"NE",1.50054205991552,5.20922721940265,1,5,9.09009179938001,1,95
"167","32003","Clark County, Nevada",2022,0.448087431693989,4.48926244673366,205.797150689899,53456,"NV",1.50168842250019,5.32689097825988,1,5,10.8866141645965,1,231
"168","32031","Washoe County, Nevada",2022,0.317073170731707,4.59710522977781,166.827446414487,13878,"NV",1.52542680752964,5.11696002323774,1,5,9.53806013145949,1,17
"169","33011","Hillsborough County, New Hampshire",2022,0.379661016949153,4.5583629166003,178.603494085417,10992,"NH",1.51696354954947,5.18516823199916,1,5,9.30492301446213,1,68
"170","33015","Rockingham County, New Hampshire",2022,0.316666666666667,4.55462181212773,185.701059231649,10159,"NH",1.51614250028974,5.2241381723362,1,5,9.22611529109155,1,115
"171","34003","Bergen County, New Jersey",2022,0.206652512384996,4.52626820969877,185.08452518647,31790,"NJ",1.50989780522108,5.22081261363438,1,5,10.3669070539048,1,109
"172","34005","Burlington County, New Jersey",2022,0.252396166134185,4.53239271315755,175.873470085109,10523,"NJ",1.51124999280026,5.16976481652029,1,5,9.26131861674081,1,50
"173","34007","Camden County, New Jersey",2022,0.328358208955224,4.50086102435689,186.007663558444,11492,"NJ",1.50426871721933,5.22578787479155,1,5,9.34940642009918,1,116
"174","34013","Essex County, New Jersey",2022,0.663594470046083,4.52156260412739,187.566663471773,19254,"NJ",1.50885764297834,5.23413432073774,1,5,9.86547411033791,1,125
"175","34017","Hudson County, New Jersey",2022,0.414224446032881,4.42515334579455,229.624620529917,14113,"NJ",1.48730493227629,5.4364458909696,1,5,9.55485163741401,1,288
"176","34019","Hunterdon County, New Jersey",2022,0.168539325842697,4.39392669969847,207.027090430163,3614,"NJ",1.48022329191578,5.33284965634572,1,5,8.19257047115217,1,237
"177","34021","Mercer County, New Jersey",2022,0.153862989713285,4.4618093897018,196.235224668454,9670,"NJ",1.49555437651917,5.2793140655146,1,5,9.17678358844734,1,179
"178","34023","Middlesex County, New Jersey",2022,0.253932265835341,4.44146916949551,231.614969253123,22180,"NJ",1.4909852157413,5.44507637769099,1,5,10.0069462609044,1,292
"179","34025","Monmouth County, New Jersey",2022,0.223372781065089,4.43302094711085,212.984655450186,19665,"NJ",1.48908128101926,5.36122012297444,1,5,9.88659568486591,1,257
"180","34027","Morris County, New Jersey",2022,0.286318758815233,4.51018118803078,184.99364853537,16397,"NJ",1.50633732743727,5.22032149224772,1,5,9.70485367024987,1,108
"181","34029","Ocean County, New Jersey",2022,0.488372093023256,4.42486030284656,207.834734181574,14658,"NJ",1.48723870798337,5.33674321667742,1,5,9.59274154048579,1,243
"182","34031","Passaic County, New Jersey",2022,0.242718446601942,4.50804273678581,191.111029236544,12269,"NJ",1.5058630763424,5.25285456405775,1,5,9.41483103479118,1,148
"183","34035","Somerset County, New Jersey",2022,0.156206415620642,4.4097532043653,206.027872927058,9816,"NJ",1.48381872516383,5.32801146510777,1,5,9.19176898639075,1,232
"184","34039","Union County, New Jersey",2022,0.512097420285211,4.50116142383775,195.22565244348,14184,"NJ",1.50433545766187,5.27415608155099,1,5,9.55986984775404,1,174
"185","35001","Bernalillo County, New Mexico",2022,0.346491228070175,4.56072003246131,181.88608354013,16273,"NM",1.51748051291666,5.2033805764958,1,5,9.69726257166061,1,91
"186","36001","Albany County, New York",2022,0.267489711934156,4.52145277133597,185.573441783617,9313,"NY",1.50883335179075,5.22345071627493,1,5,9.13916655252166,1,112
"187","36005","Bronx County, New York",2022,0.444444444444444,4.09387287952492,325.408294094933,18258,"NY",1.40949143632344,5.78508068338122,1,5,9.81235861912503,1,328
"188","36011","Cayuga County, New York",2022,0.384615384615385,4.27180700913125,218.060199307694,1402,"NY",1.45203692487228,5.38477116828173,1,5,7.24565506759454,1,268
"189","36023","Cortland County, New York",2022,0.333333333333333,4.11303561738808,247.284728553417,863,"NY",1.414161348921,5.51054041990493,1,5,6.76041469108343,1,305
"190","36027","Dutchess County, New York",2022,0.284090909090909,4.43236210201393,214.811212652784,7520,"NY",1.48893264782552,5.36975956170427,1,5,8.92532141694389,1,260
"191","36029","Erie County, New York",2022,0.655737704918033,4.59746482480625,177.241962257359,22510,"NY",1.5255050265277,5.17751581745799,1,5,10.0217149339008,1,60
"192","36047","Kings County, New York",2022,0.363013698630137,4.40802329488305,219.105636886421,61147,"NY",1.48342635651974,5.38955397373018,1,5,11.0210360802226,1,270
"193","36055","Monroe County, New York",2022,0.164179104477612,4.58544553245968,176.574624850347,17376,"NY",1.52288727273449,5.17374359070175,1,5,9.76284522273366,1,54
"194","36059","Nassau County, New York",2022,0.320652173913043,4.41007181774854,202.944141883996,48633,"NY",1.4838909745299,5.31293077804444,1,5,10.7920575918097,1,217
"195","36061","New York County, New York",2022,0.176696490582996,4.31548125790152,228.011504048529,94872,"NY",1.46220884969549,5.42939608403476,1,5,11.4602838936446,1,282
"196","36067","Onondaga County, New York",2022,0.755555555555556,4.58691571733667,174.284548785142,11199,"NY",1.5232078412009,5.16068930135126,1,5,9.32357976758269,1,41
"197","36069","Ontario County, New York",2022,0.0486111111111111,4.45914089365232,204.35184513312,2815,"NY",1.49495612273581,5.31984323924831,1,5,7.94271754057379,1,225
"198","36071","Orange County, New York",2022,0.5,4.4907096581554,196.635044617547,10158,"NY",1.50201074230639,5.28134944522328,1,5,9.22601685136119,1,180
"199","36079","Putnam County, New York",2022,0.189655172413793,4.2078448560762,263.161738816822,2818,"NY",1.43695060595255,5.57276881964703,1,5,7.94378269245863,1,314
"200","36081","Queens County, New York",2022,0.248520710059172,4.3380791860853,245.458137645434,50726,"NY",1.46743166629186,5.50312641393873,1,5,10.8341938786446,1,303
"201","36087","Rockland County, New York",2022,0.172413793103448,4.40510310347673,196.904710142523,10786,"NY",1.48276366512483,5.28271990685477,1,5,9.28600427589717,1,182
"202","36091","Saratoga County, New York",2022,0.295454545454545,4.42612602054984,199.258042626606,5348,"NY",1.48752471400929,5.29460068135561,1,5,8.58447793822183,1,199
"203","36099","Seneca County, New York",2022,0.130434782608696,3.8997982989531,287.261835052475,596,"NY",1.36092483358101,5.66039411710719,1,5,6.39024066706535,1,322
"204","36101","Steuben County, New York",2022,0.533333333333333,4.27781669995725,229.092469035514,1655,"NY",1.45344276260743,5.43412571696592,1,5,7.41155628781116,1,287
"205","36103","Suffolk County, New York",2022,0.348101265822785,4.46826653330403,205.615133872713,50326,"NY",1.49700053325585,5.32600613920237,1,5,10.8262771211501,1,230
"206","36109","Tompkins County, New York",2022,0.358974358974359,4.36110583559811,212.931137518125,2151,"NY",1.47272565721969,5.36096881540038,1,5,7.67368812926773,1,256
"207","36119","Westchester County, New York",2022,0.416666666666667,4.40976226776472,202.572887743607,31047,"NY",1.48382078046935,5.31109976125852,1,5,10.3432574643363,1,213
"208","36123","Yates County, New York",2022,0.15,3.82090573552594,296.653909782231,471,"NY",1.34048749805471,5.69256617239947,1,5,6.15485809401642,1,323
"209","37019","Brunswick County, North Carolina",2022,0.513513513513513,4.20745037549164,273.468846450617,2880,"NC",1.43685685271538,5.61118770842942,1,5,7.96554557312999,1,320
"210","37025","Cabarrus County, North Carolina",2022,0.401129943502825,4.40428474600182,208.670486754446,5062,"NC",1.48257787299234,5.34075638939435,1,5,8.52951694110507,1,250
"211","37037","Chatham County, North Carolina",2022,0.237762237762238,4.29888759262339,208.213736524985,1586,"NC",1.45835628984115,5.33856513155,1,5,7.36897040219479,1,247
"212","37063","Durham County, North Carolina",2022,0.94347522679693,4.47671334209444,184.11211929736,8051,"NC",1.49888914819268,5.2155449160417,1,5,8.99355158629998,1,103
"213","37067","Forsyth County, North Carolina",2022,0.575,4.54449613859442,180.420129778856,8961,"NC",1.51391686088866,5.19528818554348,1,5,9.10063710688422,1,81
"214","37071","Gaston County, North Carolina",2022,0.0833333333333333,4.44533494092136,207.921298322034,4510,"NC",1.4918552184153,5.33715963464826,1,5,8.41405243249672,1,244
"215","37081","Guilford County, North Carolina",2022,0.983606557377049,4.62878073273777,162.419853470131,14290,"NC",1.53229349275651,5.09018467068744,1,5,9.56731527092391,1,6
"216","37097","Iredell County, North Carolina",2022,0.65,4.52801080688268,175.289163150291,5278,"NC",1.51028272757707,5.16643697113607,1,5,8.57130251706327,1,45
"217","37101","Johnston County, North Carolina",2022,0.347826086956522,4.27240266601581,233.98072998696,3888,"NC",1.45217635424215,5.45523876148364,1,5,8.26565016558033,1,295
"218","37119","Mecklenburg County, North Carolina",2022,0.408014571948998,4.52085498270008,178.217748952915,35998,"NC",1.50870113142112,5.18300611138387,1,5,10.4912186603394,1,66
"219","37129","New Hanover County, North Carolina",2022,0.534883720930233,4.44933398954696,198.096315049383,8439,"NC",1.49275441970684,5.28875335206447,1,5,9.04061909715797,1,190
"220","37141","Pender County, North Carolina",2022,0.620689655172414,3.98374624198253,301.771357262612,1296,"NC",1.38222264341229,5.70966963547668,1,5,7.16703787691222,1,324
"221","37179","Union County, North Carolina",2022,0.181818181818182,4.37081762392664,207.928680217816,5501,"NC",1.47495009090332,5.33719513733511,1,5,8.61268517287546,1,245
"222","37183","Wake County, North Carolina",2022,0.69690063810392,4.46915519110546,190.402394821445,32997,"NC",1.4971993954852,5.24913970012189,1,5,10.4041719272252,1,142
"223","38017","Cass County, North Dakota",2022,0.407407407407407,4.55275253794909,160.73545867187,5851,"ND",1.51573200344772,5.07975989975307,1,5,8.67436786578824,1,5
"224","39017","Butler County, Ohio",2022,0.271428571428571,4.57730979274042,180.906633979206,7360,"OH",1.52111144405227,5.19798106380848,1,5,8.90381521172292,1,86
"225","39025","Clermont County, Ohio",2022,1,4.41047150306743,210.389855373541,3639,"OH",1.4839816005389,5.34896226379591,1,5,8.19946419761216,1,251
"226","39027","Clinton County, Ohio",2022,0.391304347826087,4.04165431133214,250.945903337687,596,"OH",1.39665409116078,5.52523739135198,1,5,6.39024066706535,1,308
"227","39035","Cuyahoga County, Ohio",2022,0.339233038348083,4.64693360725034,166.433755827889,31674,"OH",1.53620756277253,5.1145973673565,1,5,10.3632514340517,1,16
"228","39041","Delaware County, Ohio",2022,0.128270580727505,4.39489052959684,210.894357264352,5204,"OH",1.48044262288537,5.35135733162349,1,5,8.5571828396324,1,252
"229","39049","Franklin County, Ohio",2022,0.128965801400906,4.56570426943707,177.848000233434,30379,"OH",1.51857277803746,5.18092925421224,1,5,10.3215068592156,1,63
"230","39055","Geauga County, Ohio",2022,0.254545454545455,4.39713169682618,193.643993454646,2777,"OH",1.48095244126848,5.26602138794625,1,5,7.9291264873068,1,163
"231","39057","Greene County, Ohio",2022,0.115789473684211,4.3067982286201,237.204027956799,3183,"OH",1.46019475766095,5.46892064824751,1,5,8.06557942728209,1,298
"232","39061","Hamilton County, Ohio",2022,0.193962748876044,4.64961762733962,164.410829641967,21025,"OH",1.53678498553849,5.10236835418709,1,5,9.95346748484115,1,13
"233","39085","Lake County, Ohio",2022,0.252427184466019,4.52941456199731,189.795069196553,5431,"OH",1.5105926953811,5.24594490689503,1,5,8.59987855803485,1,137
"234","39089","Licking County, Ohio",2022,0.479166666666667,4.42294654174402,211.578671990874,3141,"OH",1.48680611238855,5.35459690091011,1,5,8.05229649953865,1,254
"235","39095","Lucas County, Ohio",2022,0.380952380952381,4.54012325797762,197.877155454688,9354,"OH",1.512954161019,5.28764641115354,1,5,9.14355933828583,1,187
"236","39097","Madison County, Ohio",2022,0.153846153846154,3.94012710733026,263.279121935587,632,"OH",1.3712129835332,5.57321476953224,1,5,6.44888939414686,1,315
"237","39103","Medina County, Ohio",2022,0.347826086956522,4.53054760240162,173.991314771308,4027,"OH",1.51084281572148,5.1590053828613,1,5,8.30077696085145,1,40
"238","39109","Miami County, Ohio",2022,0.0909090909090909,4.43368214160174,198.770162693614,2107,"OH",1.48923042202139,5.29214919590403,1,5,7.65302041380419,1,194
"239","39113","Montgomery County, Ohio",2022,0.233830845771144,4.60056649913357,179.799874512306,10879,"OH",1.52617944789802,5.19184442410794,1,5,9.29458960442108,1,73
"240","39133","Portage County, Ohio",2022,0.347826086956522,4.50904388973214,185.667368484551,3003,"OH",1.50608513319777,5.22395673124064,1,5,8.00736706798333,1,114
"241","39153","Summit County, Ohio",2022,0.209944751381215,4.64163146648536,163.543789488838,13339,"OH",1.53506591359448,5.09708078009823,1,5,9.49844735414104,1,9
"242","39159","Union County, Ohio",2022,0.197633136094675,4.13265276577613,225.534294657926,1097,"OH",1.41891951694476,5.41847223011957,1,5,7.00033446027523,1,279
"243","39165","Warren County, Ohio",2022,0.242647058823529,4.45374229070374,188.41143959102,4643,"OH",1.49374470696897,5.23862807999646,1,5,8.44311598801992,1,128
"244","40109","Oklahoma County, Oklahoma",2022,0.701754385964912,4.56281969355136,177.743721514805,24595,"OK",1.51794078627331,5.18034274606123,1,5,10.1102984492294,1,62
"245","40139","Texas County, Oklahoma",2022,0.285714285714286,3.70093919377142,317.86703601108,380,"OK",1.30858662359367,5.76163316958991,1,5,5.94017125272043,1,326
"246","40143","Tulsa County, Oklahoma",2022,0.449275362318841,4.59736347807115,171.208022546688,19337,"OK",1.52548298223677,5.14287932327962,1,5,9.86977563805059,1,29
"247","41005","Clackamas County, Oregon",2022,0.368932038834951,4.53512981649118,183.75017128076,12772,"OR",1.51185370862403,5.2135770702327,1,5,9.45501055383467,1,99
"248","41051","Multnomah County, Oregon",2022,0.404145077720207,4.58044912047891,188.465576356119,27365,"OR",1.52179705455834,5.23891537141079,1,5,10.217020103578,1,130
"249","41067","Washington County, Oregon",2022,0.457142857142857,4.52760104115257,180.23596180446,16240,"OR",1.51019222773294,5.19426689132607,1,5,9.69523261371567,1,79
"250","42003","Allegheny County, Pennsylvania",2022,0.171612903225806,4.58239678218081,173.786297801667,33773,"PA",1.52222217613125,5.15782637083765,1,5,10.4274169456791,1,38
"251","42007","Beaver County, Pennsylvania",2022,0.0314245810055866,4.41715313793746,192.412837608289,3248,"PA",1.48549540213734,5.2596432595415,1,5,8.08579470128157,1,156
"252","42011","Berks County, Pennsylvania",2022,0.531914893617021,4.5935864303738,174.842615173373,8445,"PA",1.52466107635161,5.16388622740655,1,5,9.0413298292419,1,43
"253","42017","Bucks County, Pennsylvania",2022,0.217391304347826,4.55896406341348,175.571088113957,19974,"PA",1.51709541864123,5.16804402136946,1,5,9.90218670680308,1,47
"254","42019","Butler County, Pennsylvania",2022,0.352941176470588,4.61141725664441,157.620250521082,4990,"PA",1.52853524070374,5.06018866232332,1,5,8.51519118874556,1,2
"255","42029","Chester County, Pennsylvania",2022,0.224426534407936,4.55192717934498,171.249149208702,14974,"PA",1.51555069918838,5.14311950900562,1,5,9.61407064279063,1,30
"256","42041","Cumberland County, Pennsylvania",2022,0.503030303030303,4.50441364888005,180.655089137925,6431,"PA",1.50505772695781,5.19658962845577,1,5,8.76888532613486,1,83
"257","42043","Dauphin County, Pennsylvania",2022,0.9,4.55188310797244,175.767789552108,6985,"PA",1.51554101722639,5.16916374634843,1,5,8.85152027169106,1,49
"258","42045","Delaware County, Pennsylvania",2022,0.697368421052632,4.49122699464237,183.78485324254,13166,"PA",1.50212593717082,5.21376579761686,1,5,9.48539302802782,1,100
"259","42069","Lackawanna County, Pennsylvania",2022,0.375,4.52137201950098,186.184526314858,5131,"PA",1.50881549192132,5.22673825889168,1,5,8.54305585094196,1,119
"260","42071","Lancaster County, Pennsylvania",2022,1,4.62308286431873,167.687167354592,13739,"PA",1.53106176920598,5.12210014446172,1,5,9.52799378292395,1,22
"261","42077","Lehigh County, Pennsylvania",2022,0.333333333333333,4.56618840578014,170.847389692374,8554,"PA",1.51867881002026,5.14077070008564,1,5,9.05415428878685,1,28
"262","42091","Montgomery County, Pennsylvania",2022,0.191616766467066,4.57216727302993,167.262308535151,26782,"PA",1.5199873316653,5.11956328993365,1,5,10.1954852990555,1,20
"263","42095","Northampton County, Pennsylvania",2022,0.270833333333333,4.5218722226259,195.618377641066,6438,"PA",1.50892611662901,5.27616570840738,1,5,8.76997321185875,1,175
"264","42101","Philadelphia County, Pennsylvania",2022,0.0301925696822416,4.43514479129274,231.216767303804,29802,"PA",1.48956026264526,5.44335565710889,1,5,10.3023307843354,1,291
"265","42125","Washington County, Pennsylvania",2022,0.2109375,4.56541041501273,163.75557532277,5233,"PA",1.51850841471828,5.09837492170839,1,5,8.56274000637221,1,11
"266","42129","Westmoreland County, Pennsylvania",2022,0.127572016460905,4.56681943232307,176.415343321129,8440,"PA",1.51881699593997,5.17284112006864,1,5,9.04073758759,1,53
"267","42133","York County, Pennsylvania",2022,0.0878378378378378,4.57582350472051,179.987199204465,8773,"PA",1.52078668356105,5.19288573283063,1,5,9.07943410212838,1,76
"268","44003","Kent County, Rhode Island",2022,1,4.47088078750628,192.371854059768,4667,"RI",1.49758543339967,5.25943023885973,1,5,8.44827174594982,1,155
"269","44007","Providence County, Rhode Island",2022,0.53475935828877,4.53858192172729,197.47823043118,16385,"RI",1.51261461121875,5.28562835260097,1,5,9.70412156113292,1,184
"270","45019","Charleston County, South Carolina",2022,0.317073170731707,4.51511854863764,186.281549763812,15401,"SC",1.50743144314388,5.22725923761904,1,5,9.64218772135847,1,120
"271","45045","Greenville County, South Carolina",2022,0.482758620689655,4.54098084397649,179.85537358674,15106,"SC",1.51314303364765,5.19215304785342,1,5,9.62284729487339,1,75
"272","45057","Lancaster County, South Carolina",2022,0.380952380952381,4.18264966546246,234.149917055669,1610,"SC",1.43094493697143,5.45596158139361,1,5,7.38398945797851,1,296
"273","45079","Richland County, South Carolina",2022,0.229050279329609,4.48785661772194,191.042568949942,9312,"SC",1.50137521978713,5.25249627729735,1,5,9.13905916997122,1,146
"274","45083","Spartanburg County, South Carolina",2022,0.425,4.60195206829146,172.933270823566,7110,"SC",1.52648057615073,5.15290580230669,1,5,8.86925752279729,1,36
"275","45091","York County, South Carolina",2022,0.538461538461538,4.477943077442,188.457259747479,6009,"SC",1.49916380649282,5.23887124243879,1,5,8.70101362433393,1,129
"276","46065","Hughes County, South Dakota",2022,0.242424242424242,4.00433662153926,228.353255724436,537,"SD",1.38737792923268,5.43089379713583,1,5,6.28599809450886,1,285
"277","46119","Sully County, South Dakota",2022,0.242424242424242,2.06000767331262,1303.15500685871,27,"SD",0.722709707703593,7.17254353156807,1,5,3.29583686600433,1,344
"278","47001","Anderson County, Tennessee",2022,1,4.26168073089521,227.127735896955,1505,"TN",1.44966362024055,5.42551257242014,1,5,7.31654817718298,1,280
"279","47037","Davidson County, Tennessee",2022,0.601279317697228,4.60684781369778,178.034727607512,21618,"TN",1.5275438516981,5.18197863018137,1,5,9.98128157997615,1,64
"280","47047","Fayette County, Tennessee",2022,0.333333333333333,3.98435945258707,259.991239145559,591,"TN",1.38237655969535,5.56064793485381,1,5,6.3818160174061,1,312
"281","47065","Hamilton County, Tennessee",2022,0.285714285714286,4.61364327522257,172.688032298128,9655,"TN",1.5290178432002,5.15148668511466,1,5,9.17523119486262,1,34
"282","47093","Knox County, Tennessee",2022,1,4.55451432315063,179.747478597225,12277,"TN",1.5161189000327,5.19155296922725,1,5,9.41548287218084,1,72
"283","47157","Shelby County, Tennessee",2022,0.401709401709402,4.57295045035264,177.586946215852,19579,"TN",1.52015860935648,5.17946032681987,1,5,9.88221284225727,1,61
"284","47187","Williamson County, Tennessee",2022,0.478632478632479,4.44953969481891,180.025797249174,8367,"TN",1.49280065146139,5.19310015867213,1,5,9.0320506762956,1,77
"285","48029","Bexar County, Texas",2022,0.284552845528455,4.51397376361598,201.050183514754,39004,"TX",1.50717786615337,5.30355454612453,1,5,10.571419483955,1,207
"286","48039","Brazoria County, Texas",2022,0.541666666666667,4.48168752034534,207.568634190024,6406,"TX",1.49999965414981,5.33546205216019,1,5,8.7649903301691,1,240
"287","48041","Brazos County, Texas",2022,0.805342567400445,4.43648514429177,206.767628568619,4759,"TX",1.48986242876782,5.3315955954134,1,5,8.46779284112111,1,235
"288","48057","Calhoun County, Texas",2022,0.636363636363636,3.69475531964792,371.052631578947,380,"TX",1.30691433289713,5.91634391663987,1,5,5.94017125272043,1,334
"289","48085","Collin County, Texas",2022,0.178919631093544,4.30225004629626,250.056086307893,29660,"TX",1.45913815242383,5.52168523793219,1,5,10.2975546156919,1,307
"290","48113","Dallas County, Texas",2022,0.308264862252296,4.58329855787936,176.754107558728,70365,"TX",1.52241894804391,5.17475954387711,1,5,11.1614512594307,1,56
"291","48121","Denton County, Texas",2022,0.181223134036733,4.41039164540142,228.164237735167,19097,"TX",1.48396349399656,5.43006571057714,1,5,9.85728653363541,1,283
"292","48141","El Paso County, Texas",2022,0.25,4.50274241897962,210.919071165337,15916,"TX",1.50468663759131,5.3514745109229,1,5,9.67508017154682,1,253
"293","48157","Fort Bend County, Texas",2022,0.147079037800687,4.42564566214146,205.118302136583,17577,"TX",1.48741618016407,5.32358689628279,1,5,9.7743465082129,1,228
"294","48167","Galveston County, Texas",2022,0.25,4.44468202008504,215.83639800653,6325,"TX",1.49170832986821,5.37452070406283,1,5,8.75226531359572,1,261
"295","48185","Grimes County, Texas",2022,0.318181818181818,3.6602142428334,331.943352211524,389,"TX",1.29752168199337,5.80496432848934,1,5,5.96357934361845,1,329
"296","48201","Harris County, Texas",2022,0.31276031806134,4.60708096814048,178.582385427808,109686,"TX",1.52759446082441,5.18505003775441,1,5,11.6053770173351,1,67
"297","48215","Hidalgo County, Texas",2022,0.636363636363636,4.44632553046863,207.599594192958,12960,"TX",1.49207803159053,5.33561119653529,1,5,9.46962296990626,1,241
"298","48245","Jefferson County, Texas",2022,0.150793650793651,4.48539423200107,198.645181046815,5611,"TX",1.50082639175949,5.29152022345549,1,5,8.63248423575097,1,193
"299","48339","Montgomery County, Texas",2022,0.282828282828283,4.52507359556315,183.69733585505,14443,"TX",1.50963384123248,5.21328948942157,1,5,9.57796514710117,1,98
"300","48375","Potter County, Texas",2022,NA,4.46719326440762,198.005260150941,3437,"TX",1.49676030635632,5.28829359676055,1,5,8.14235427684983,1,189
"301","48381","Randall County, Texas",2022,NA,4.34124677242915,203.455469611414,2768,"TX",1.46816158161008,5.31544715838917,1,5,7.92588031673756,1,221
"302","48439","Tarrant County, Texas",2022,0.338485316846986,4.55933194082009,187.813025196247,46873,"TX",1.51717610858738,5.23544692111162,1,5,10.7551970956958,1,127
"303","48453","Travis County, Texas",2022,0.246202200104767,4.48758124430537,191.543272843268,41494,"TX",1.50131385823109,5.25511375094377,1,5,10.6333041174531,1,151
"304","48473","Waller County, Texas",2022,0.454545454545455,4.25189343064452,199.700158000575,944,"TX",1.44736439681766,5.29681703161111,1,5,6.8501261661455,1,201
"305","48491","Williamson County, Texas",2022,0.422727272727273,4.4087640343669,207.288669372585,14300,"TX",1.48359438586148,5.33411235983208,1,5,9.568014816248,1,239
"306","49035","Salt Lake County, Utah",2022,0.339563862928349,4.5642327565929,172.445885487361,35221,"UT",1.51825042907652,5.15008347993533,1,5,10.4693977746057,1,33
"307","49049","Utah County, Utah",2022,0.43125,4.42078375527018,200.230131767868,16974,"UT",1.48631700056711,5.29946736388688,1,5,9.73943804052962,1,204
"308","49051","Wasatch County, Utah",2022,0.172413793103448,4.01493657096326,279.620017941817,1224,"UT",1.39002154925731,5.63343160272468,1,5,7.10987946307227,1,321
"309","50007","Chittenden County, Vermont",2022,0.166666666666667,4.55997429586675,162.695987790728,5596,"VT",1.51731698663908,5.0918833537533,1,5,8.62980733578537,1,7
"310","51003","Albemarle County, Virginia",2022,0.361111111111111,4.36471026062419,189.965551476088,2818,"VA",1.47355180922458,5.24684274770161,1,5,7.94378269245863,1,138
"311","51013","Arlington County, Virginia",2022,0.265734265734266,4.04947524339366,333.344224291504,6210,"VA",1.39858730319116,5.80917566265479,1,5,8.73391617492752,1,330
"312","51041","Chesterfield County, Virginia",2022,0.257142857142857,4.41521815236994,190.14382837257,8088,"VA",1.48505724447053,5.24778077722156,1,5,8.99813676070031,1,139
"313","51059","Fairfax County, Virginia",2022,0.121125043538837,4.18660451011141,316.360404133416,31656,"VA",1.43189002595077,5.75688208309829,1,5,10.3626829830653,1,325
"314","51075","Goochland County, Virginia",2022,0.969465648854962,3.96226613312735,258.987414313738,639,"VA",1.3768161174307,5.55677946713559,1,5,6.45990445437753,1,311
"315","51085","Hanover County, Virginia",2022,0.139130434782609,4.38750096021594,195.79047288725,3310,"VA",1.4787598076446,5.27704507154411,1,5,8.10470346837111,1,178
"316","51087","Henrico County, Virginia",2022,0.522041763341067,4.50498378566314,170.036916288123,9605,"VA",1.50518429186695,5.13601556811163,1,5,9.17003907520266,1,27
"317","51107","Loudoun County, Virginia",2022,0.138177486599166,4.05529179168537,467.296520352854,12125,"VA",1.40002264347056,6.14696400339758,1,5,9.40302471580568,1,337
"318","51153","Prince William County, Virginia",2022,0.197916666666667,4.28005075968841,233.484856066417,9166,"VA",1.45396486926366,5.45311721875909,1,5,9.12325626506907,1,294
"319","51161","Roanoke County, Virginia",2022,0.45,4.31848571594659,189.091749965839,2046,"VA",1.4629048120904,5.24223234682183,1,5,7.62364194651157,1,134
"320","51181","Surry County, Virginia",2022,0.212121212121212,2.17542793031965,1350,40,"VA",0.777225394760241,7.20785987143248,1,5,3.68887945411394,1,345
"321","51183","Sussex County, Virginia",2022,0.193548387096774,2.80010714158605,713.14698692741,97,"VA",1.02965768130124,6.5696875519411,1,5,4.57471097850338,1,343
"322","51510","Alexandria city, Virginia",2022,0.259259259259259,4.17195885268144,264.877017577549,4449,"VA",1.42838567435773,5.57926563365261,1,5,8.40043463080604,1,316
"323","51540","Charlottesville city, Virginia",2022,0.371428571428571,4.2302036658538,272.88138755356,2005,"VA",1.44225013985509,5.60903722294633,1,5,7.60339933974067,1,319
"324","51550","Chesapeake city, Virginia",2022,0.114285714285714,4.39626040239804,206.400551556871,5763,"VA",1.48075427100127,5.3298187058755,1,5,8.65921345143667,1,234
"325","51600","Fairfax city, Virginia",2022,0.114241001564945,3.93531510082675,356.380669062555,1974,"VA",1.3699909551124,5.87599945468275,1,5,7.58781721999343,1,332
"326","51610","Falls Church city, Virginia",2022,0.00285001781261133,3.77789470974896,371.424618628637,793,"VA",1.32916689938153,5.91734593274396,1,5,6.67582322163485,1,335
"327","51683","Manassas city, Virginia",2022,0.0454545454545455,4.07679501643899,258.598302173164,1442,"VA",1.40531114453511,5.55527590086054,1,5,7.27378631784489,1,310
"328","51685","Manassas Park city, Virginia",2022,0.0434782608695652,2.95609299231436,682.548937942524,245,"VA",1.08386846142549,6.5258342284336,1,5,5.50125821054473,1,340
"329","51740","Portsmouth city, Virginia",2022,0.0606060606060606,4.21244417547318,241.6282610343,1524,"VA",1.43804304347748,5.4874004336994,1,5,7.32909373624659,1,299
"330","51760","Richmond city, Virginia",2022,0.553191489361702,4.50641252260588,200.399040949776,6362,"VA",1.50550138744367,5.3003105835195,1,5,8.75809807230909,1,205
"331","51770","Roanoke city, Virginia",2022,0.545454545454545,4.43319180735063,194.101163214635,3065,"VA",1.48911982289605,5.26837948301963,1,5,8.02780284837031,1,166
"332","51800","Suffolk city, Virginia",2022,0.108108108108108,4.15196071967003,243.526897165781,1687,"VA",1.4235806852384,5.49522739706207,1,5,7.43070708254597,1,302
"333","53011","Clark County, Washington",2022,0.818181818181818,4.44694267745482,191.057235041225,12329,"WA",1.49221682128466,5.25257304305927,1,5,9.41970948986855,1,147
"334","53033","King County, Washington",2022,1,4.49944658514582,194.940607474521,70443,"WA",1.50395440813477,5.272694935117,1,5,11.1625591511411,1,172
"335","53053","Pierce County, Washington",2022,0.702702702702703,4.43294475942988,203.180072265113,20005,"WA",1.48906409446937,5.31409264133374,1,5,9.90373752129133,1,220
"336","53061","Snohomish County, Washington",2022,0.23463687150838,4.41380508852915,219.801493217794,20151,"WA",1.48473714929934,5.39272483547599,1,5,9.91100919393497,1,274
"337","53063","Spokane County, Washington",2022,0.476190476190476,4.54651253836072,176.80365292265,14185,"WA",1.51436046398509,5.17503981131731,1,5,9.55994034724295,1,57
"338","53067","Thurston County, Washington",2022,0.0275590551181102,4.42798145679484,199.887808744088,6621,"WA",1.48794382712191,5.29775625287364,1,5,8.79800169492485,1,203
"339","54039","Kanawha County, West Virginia",2022,0.488372093023256,4.47386777576654,189.431391742277,4407,"WV",1.49825330871224,5.24402691011355,1,5,8.39094946484199,1,135
"340","55025","Dane County, Wisconsin",2022,0.961783439490446,4.57566349968958,170.00452231603,14611,"WI",1.5207517154666,5.13582503855544,1,5,9.58952994867208,1,26
"341","55073","Marathon County, Wisconsin",2022,1,4.53431645118262,166.996018834347,3346,"WI",1.51167434479371,5.11796997281731,1,5,8.11552088154677,1,18
"342","55079","Milwaukee County, Wisconsin",2022,0.475961538461538,4.57863845748833,175.414754888471,20275,"WI",1.52140167390524,5.16715319777106,1,5,9.91714387898361,1,46
"343","55089","Ozaukee County, Wisconsin",2022,0.19047619047619,4.43309411855382,179.15359815372,2733,"WI",1.48909778688286,5.18824352813604,1,5,7.91315518592807,1,70
"344","55101","Racine County, Wisconsin",2022,0.153846153846154,4.52891486130681,172.796229569728,4034,"WI",1.51048236583408,5.15211303651228,1,5,8.30251371851416,1,35
"345","55133","Waukesha County, Wisconsin",2022,0.137931034482759,4.60490808283472,159.771183982632,12742,"WI",1.52712270921158,5.07374269155613,1,5,9.45265890267643,1,3
"346","55141","Wood County, Wisconsin",2022,0.9,4.34386103660923,193.305838453553,1635,"WI",1.46876359238911,5.26427358986344,1,5,7.39939808333135,1,160
