"COUNTY","initial_approval_none","initial_approval_baseline","initial_approval_broad","num_petitions_none","num_petitions_baseline","num_petitions_broad","initial_approval","num_petitions"
"01007",1,1,1,NA,NA,NA,1,NA
"01013",1,1,1,2,2,2,1,2
"01015",3,0,0,NA,NA,NA,0,NA
"01017",11,11,11,50,50,50,11,50
"01019",2,2,1,1,1,0,2,1
"01025",1,1,0,NA,NA,NA,1,NA
"01027",1,0,0,NA,NA,NA,0,NA
"01033",1,1,1,NA,NA,NA,1,NA
"01037",2,0,0,6,6,6,0,6
"01041",1,1,1,12,12,12,1,12
"01051",2,0,0,8,8,8,0,8
"01055",2,2,1,1,1,0,2,1
"01061",11,11,6,19,19,19,11,19
"01069",11,11,6,19,19,19,11,19
"01073",132,26,24,65,40,31,26,40
"01077",2,1,1,1,1,1,1,1
"01081",44,17,17,84,81,81,17,81
"01083",1,1,1,3,3,3,1,3
"01087",8,8,8,33,33,33,8,33
"01089",19,10,7,36,35,32,10,35
"01097",10,7,4,16,16,16,7,16
"01101",25,17,14,74,74,71,17,74
"01103",2,2,1,2,2,2,2,2
"01109",4,0,0,6,6,6,0,6
"01113",1,1,1,6,6,6,1,6
"01115",1,1,1,2,2,2,1,2
"01117",7,7,6,25,25,16,7,25
"01119",1,0,0,2,2,2,0,2
"01121",1,0,0,NA,NA,NA,0,NA
"01123",2,0,0,10,10,10,0,10
"01125",36,3,2,17,14,14,3,14
"02020",13,5,4,10,10,10,5,10
"02090",6,1,0,3,2,2,1,2
"02185",1,1,1,NA,NA,NA,1,NA
"02188",1,1,1,NA,NA,NA,1,NA
"02275",1,0,0,NA,NA,NA,0,NA
"04001",3,1,1,NA,NA,NA,1,NA
"04003",1,1,1,2,2,2,1,2
"04005",14,1,1,4,2,1,1,2
"04009",9,3,3,3,1,1,3,1
"04013",1664,1580,1544,1395,1326,1297,1580,1326
"04015",3,3,3,3,2,1,3,2
"04017",7,0,0,3,0,0,0,0
"04019",79,19,13,66,40,33,19,40
"04021",1211,1210,1206,52,51,51,1210,51
"04023",3,1,0,8,3,1,1,3
"04025",1,1,0,2,2,2,1,2
"04027",7,6,6,6,6,2,6,6
"05003",1,1,0,NA,NA,NA,1,NA
"05005",1,1,1,1,1,1,1,1
"05007",152,152,152,176,176,176,152,176
"05009",2,2,2,2,2,2,2,2
"05011",1,1,1,NA,NA,NA,1,NA
"05017",1,1,0,NA,NA,NA,1,NA
"05019",1,1,1,1,1,1,1,1
"05025",2,2,2,1,1,1,2,1
"05027",2,0,0,2,0,0,0,0
"05031",3,0,0,3,2,2,0,2
"05039",1,1,1,1,1,1,1,1
"05041",1,1,0,NA,NA,NA,1,NA
"05043",1,1,0,NA,NA,NA,1,NA
"05045",16,12,12,4,4,4,12,4
"05053",2,2,2,1,1,1,2,1
"05055",1,0,0,3,2,2,0,2
"05059",1,1,1,2,1,1,1,1
"05069",4,1,1,1,1,1,1,1
"05079",4,1,1,1,1,1,1,1
"05087",3,3,3,13,13,13,3,13
"05089",3,3,3,2,2,2,3,2
"05093",1,1,1,3,3,3,1,3
"05101",2,2,2,2,2,2,2,2
"05115",3,0,0,3,1,1,0,1
"05119",138,65,51,253,217,217,65,217
"05125",1,1,1,NA,NA,NA,1,NA
"05131",7,7,6,11,11,11,7,11
"05139",4,2,2,5,3,3,2,3
"05143",40,3,3,14,11,11,3,11
"06001",1340,1228,1220,6189,6116,6042,1228,6116
"06007",11,2,1,5,3,3,2,3
"06013",358,354,341,2334,2329,2090,354,2329
"06017",13,13,13,100,100,100,13,100
"06019",33,13,12,29,26,23,13,26
"06023",2,1,0,NA,NA,NA,1,NA
"06025",3,3,2,11,11,7,3,11
"06029",34,24,15,28,25,22,24,25
"06031",4,3,3,2,2,2,3,2
"06033",1,1,0,NA,NA,NA,1,NA
"06037",1892,1507,1461,5395,5250,5161,1507,5250
"06039",13,12,7,2,2,2,12,2
"06041",98,93,93,295,293,292,93,293
"06045",2,2,1,3,1,1,2,1
"06047",21,17,6,6,4,2,17,4
"06053",15,8,8,36,29,29,8,29
"06055",6,5,4,17,17,17,5,17
"06057",1,1,1,4,4,3,1,4
"06059",953,907,893,2995,2959,2932,907,2959
"06061",18,17,12,40,40,38,17,40
"06065",88,37,36,139,93,86,37,93
"06067",128,116,114,760,757,743,116,757
"06069",1,1,1,1,1,1,1,1
"06071",131,95,76,356,309,269,95,309
"06073",926,781,765,1365,1314,1290,781,1314
"06075",3355,3207,3168,3136,3080,2759,3207,3080
"06077",27,19,16,71,59,59,19,59
"06079",24,7,6,9,5,5,7,5
"06081",868,788,775,4112,4096,4062,788,4096
"06083",81,43,41,106,99,98,43,99
"06085",7154,6849,6793,25460,25055,24926,6849,25055
"06087",22,12,10,30,27,25,12,27
"06089",3,2,2,2,2,1,2,2
"06095",75,10,10,63,51,47,10,51
"06097",44,38,37,92,91,90,38,91
"06099",11,10,10,12,10,10,10,10
"06101",3,3,0,5,5,2,3,5
"06103",2,1,0,1,1,1,1,1
"06107",18,17,7,12,10,9,17,10
"06109",1,1,1,NA,NA,NA,1,NA
"06111",131,126,119,684,681,672,126,681
"06113",71,6,6,31,19,19,6,19
"06115",1,1,0,2,2,2,1,2
"08001",15,12,12,30,26,26,12,26
"08003",1,0,0,3,1,0,0,1
"08005",170,159,157,603,597,588,159,597
"08011",1,0,0,NA,NA,NA,0,NA
"08013",137,60,59,197,179,177,60,179
"08014",35,33,32,92,90,88,33,90
"08021",1,0,0,1,1,0,0,1
"08031",217,134,128,366,347,338,134,347
"08035",86,86,86,423,418,414,86,418
"08037",4,1,1,3,2,2,1,2
"08039",2,2,2,2,2,2,2,2
"08041",16,15,14,45,45,44,15,45
"08045",4,0,0,NA,NA,NA,0,NA
"08047",1,1,1,NA,NA,NA,1,NA
"08059",77,69,67,123,120,119,69,120
"08067",2,0,0,1,1,1,0,1
"08069",43,16,16,22,20,20,16,20
"08077",7,7,1,1,1,0,7,1
"08087",3,3,2,3,3,3,3,3
"08089",1,0,0,NA,NA,NA,0,NA
"08097",2,2,2,7,7,7,2,7
"08101",6,4,4,7,5,5,4,5
"08105",1,0,0,1,1,0,0,1
"08111",2,0,0,1,1,1,0,1
"08115",2,0,0,NA,NA,NA,0,NA
"08119",1,1,1,1,1,1,1,1
"08121",1,1,0,11,11,11,1,11
"08123",27,21,20,57,56,56,21,56
"09001",282,205,191,719,573,563,205,573
"09003",401,376,369,6038,6030,6028,376,6030
"09005",5,4,4,21,17,17,4,17
"09007",24,15,15,60,57,57,15,57
"09009",192,66,64,226,206,200,66,206
"09011",6,4,4,13,12,12,4,12
"09013",61,23,23,82,69,67,23,69
"09015",4,2,1,5,4,1,2,4
"10001",9,4,4,9,5,5,4,5
"10003",257,245,220,865,854,838,245,854
"10005",3,3,3,10,10,7,3,10
"11001",490,387,309,754,690,623,387,690
"12001",107,17,17,68,47,46,17,47
"12007",1,1,1,NA,NA,NA,1,NA
"12009",16,13,12,189,189,189,13,189
"12011",548,536,447,689,669,599,536,669
"12013",1,0,0,NA,NA,NA,0,NA
"12015",1,1,1,NA,NA,NA,1,NA
"12017",1,1,1,4,4,4,1,4
"12019",1,1,1,9,9,9,1,9
"12021",6,4,4,16,15,15,4,15
"12023",1,1,1,NA,NA,NA,1,NA
"12031",121,113,111,604,599,597,113,599
"12033",10,1,1,15,8,8,1,8
"12035",1,1,1,8,8,7,1,8
"12041",1,1,1,4,4,4,1,4
"12049",2,2,2,1,1,1,2,1
"12051",1,0,0,3,2,2,0,2
"12053",1,1,1,4,4,4,1,4
"12055",2,2,0,NA,NA,NA,2,NA
"12057",937,912,903,7138,7121,7068,912,7121
"12061",9,9,9,7,7,7,9,7
"12065",3,3,3,33,33,33,3,33
"12069",26,21,18,101,98,97,21,98
"12071",27,22,22,44,41,39,22,41
"12073",55,17,17,110,94,94,17,94
"12075",1,1,1,5,5,5,1,5
"12081",9,8,8,22,20,17,8,20
"12083",4,4,2,5,3,2,4,3
"12085",17,1,1,22,19,14,1,19
"12086",414,332,323,1187,1157,1143,332,1157
"12087",2,1,1,5,5,5,1,5
"12091",1,1,1,3,3,3,1,3
"12095",180,153,130,697,677,673,153,677
"12097",9,9,9,34,32,30,9,32
"12099",123,101,92,1125,1113,1073,101,1113
"12101",20,19,19,41,41,40,19,41
"12103",103,102,99,343,342,339,102,342
"12105",26,24,24,31,31,29,24,31
"12109",6,4,4,20,17,17,4,17
"12111",5,4,4,3,3,2,4,3
"12115",15,15,15,30,26,26,15,26
"12117",66,64,25,336,333,225,64,333
"12119",3,3,1,3,3,3,3,3
"12127",31,8,8,12,10,10,8,10
"13009",1,0,0,NA,NA,NA,0,NA
"13013",2,2,1,3,3,1,2,3
"13015",4,3,3,12,12,12,3,12
"13019",1,1,0,NA,NA,NA,1,NA
"13021",13,8,3,15,12,8,8,12
"13027",2,1,1,NA,NA,NA,1,NA
"13031",4,0,0,1,1,1,0,1
"13033",1,0,0,2,2,0,0,2
"13045",3,1,1,5,5,5,1,5
"13051",31,20,19,17,15,15,20,15
"13055",1,0,0,5,1,1,0,1
"13057",62,62,62,374,373,370,62,373
"13059",39,3,3,16,5,5,3,5
"13063",18,18,16,69,69,67,18,69
"13067",223,211,195,655,652,645,211,652
"13073",3,3,3,1,1,1,3,1
"13077",2,2,2,6,6,6,2,6
"13079",1,0,0,1,1,1,0,1
"13087",3,1,0,NA,NA,NA,1,NA
"13089",574,505,486,1889,1817,1814,505,1817
"13095",3,2,2,2,2,2,2,2
"13097",1,1,1,7,6,6,1,6
"13099",1,1,1,NA,NA,NA,1,NA
"13103",18,18,18,11,11,11,18,11
"13113",19,19,19,88,88,88,19,88
"13115",2,0,0,12,8,8,0,8
"13117",435,435,432,2730,2728,2712,435,2728
"13119",2,1,1,5,5,5,1,5
"13121",1531,1463,1435,6068,6018,5988,1463,6018
"13127",1,1,1,1,1,0,1,1
"13129",1,1,0,3,3,3,1,3
"13135",368,363,360,2546,2538,2520,363,2538
"13139",7,5,3,20,18,7,5,18
"13141",1,0,0,NA,NA,NA,0,NA
"13147",1,1,1,4,4,4,1,4
"13149",1,1,1,2,2,2,1,2
"13151",2,2,2,34,33,33,2,33
"13153",2,1,1,3,3,3,1,3
"13157",5,5,4,3,3,1,5,3
"13163",1,0,0,2,2,0,0,2
"13169",2,0,0,NA,NA,NA,0,NA
"13177",1,0,0,2,2,2,0,2
"13179",1,1,0,2,2,2,1,2
"13183",1,1,0,NA,NA,NA,1,NA
"13185",5,2,2,2,0,0,2,0
"13187",3,0,0,1,0,0,0,0
"13193",1,0,0,2,2,2,0,2
"13195",1,1,1,NA,NA,NA,1,NA
"13199",4,4,4,9,9,9,4,9
"13201",1,1,1,NA,NA,NA,1,NA
"13205",1,1,0,NA,NA,NA,1,NA
"13207",1,0,0,2,2,2,0,2
"13213",22,22,22,10,10,10,22,10
"13215",17,15,11,18,17,17,15,17
"13217",6,6,6,21,21,19,6,21
"13219",3,3,2,5,5,3,3,5
"13223",3,2,2,5,5,5,2,5
"13225",1,0,0,2,2,2,0,2
"13237",1,0,0,NA,NA,NA,0,NA
"13245",34,3,3,11,4,4,3,4
"13247",8,8,8,30,30,30,8,30
"13253",1,1,1,NA,NA,NA,1,NA
"13255",1,1,1,1,1,1,1,1
"13261",1,0,0,NA,NA,NA,0,NA
"13275",1,1,1,4,3,3,1,3
"13277",1,1,0,NA,NA,NA,1,NA
"13285",4,4,4,25,25,25,4,25
"13289",1,0,0,NA,NA,NA,0,NA
"13297",2,2,2,12,12,10,2,12
"13313",26,24,24,15,15,12,24,15
"13317",1,0,0,1,1,1,0,1
"13319",1,0,0,NA,NA,NA,0,NA
"15001",2,2,2,5,5,5,2,5
"15003",73,31,30,94,75,72,31,75
"15009",2,2,1,4,4,4,2,4
"16001",127,116,116,172,169,169,116,169
"16005",9,6,6,3,3,3,6,3
"16009",1,1,1,NA,NA,NA,1,NA
"16011",2,2,2,2,2,2,2,2
"16013",4,4,4,5,5,5,4,5
"16015",110,109,109,139,138,138,109,138
"16019",3,3,3,7,5,4,3,5
"16027",1,1,1,NA,NA,NA,1,NA
"16039",110,109,109,139,138,138,109,138
"16047",1,1,1,1,1,1,1,1
"16051",3,3,3,5,3,3,3,3
"16053",1,1,1,3,2,2,1,2
"16055",2,2,2,1,1,1,2,1
"16057",9,1,1,5,1,1,1,1
"16079",1,1,1,NA,NA,NA,1,NA
"17001",1,1,1,3,3,3,1,3
"17003",1,1,1,NA,NA,NA,1,NA
"17005",1,0,0,NA,NA,NA,0,NA
"17007",2,2,2,9,8,8,2,8
"17011",1,1,1,NA,NA,NA,1,NA
"17019",91,13,10,62,19,18,13,19
"17027",1,0,0,1,1,1,0,1
"17029",1,0,0,4,4,4,0,4
"17031",3572,3246,3189,8822,8656,8551,3246,8656
"17037",11,1,1,16,14,14,1,14
"17043",452,444,440,2359,2348,2335,444,2348
"17045",10,10,10,6,5,5,10,5
"17049",12,12,12,8,7,7,12,7
"17063",4,3,3,6,5,5,3,5
"17067",1,0,0,NA,NA,NA,0,NA
"17073",1,1,0,1,1,1,1,1
"17077",19,10,4,9,7,0,10,7
"17081",6,6,5,1,1,1,6,1
"17089",83,67,66,314,306,306,67,306
"17091",1,1,1,4,3,3,1,3
"17093",34,33,33,222,219,219,33,219
"17095",1,0,0,NA,NA,NA,0,NA
"17097",218,210,190,468,467,441,210,467
"17099",2,2,2,1,1,1,2,1
"17103",1,1,1,1,1,1,1,1
"17109",6,0,0,1,1,1,0,1
"17111",19,16,16,38,34,34,16,34
"17113",62,53,53,497,496,496,53,496
"17115",11,8,8,6,6,6,8,6
"17117",1,1,1,1,1,1,1,1
"17119",3,2,2,4,4,4,2,4
"17127",1,1,1,NA,NA,NA,1,NA
"17133",7,7,7,18,18,18,7,18
"17137",1,0,0,NA,NA,NA,0,NA
"17141",2,2,2,7,7,5,2,7
"17143",45,37,36,82,80,79,37,80
"17145",4,2,2,4,4,4,2,4
"17151",1,1,1,NA,NA,NA,1,NA
"17157",1,1,1,NA,NA,NA,1,NA
"17161",61,60,60,230,230,230,60,230
"17163",12,12,9,24,23,23,12,23
"17167",49,43,26,253,252,245,43,252
"17171",1,0,0,NA,NA,NA,0,NA
"17179",7,7,7,17,17,17,7,17
"17183",1,1,0,3,3,3,1,3
"17187",3,0,0,NA,NA,NA,0,NA
"17189",2,2,2,5,5,5,2,5
"17195",1,1,1,2,2,2,1,2
"17197",90,90,87,363,362,353,90,362
"17199",21,13,7,12,10,2,13,10
"17201",6,5,5,19,19,16,5,19
"17203",7,7,7,17,17,17,7,17
"18003",19,9,9,31,26,25,9,26
"18005",35,35,35,64,60,60,35,60
"18009",4,0,0,9,4,3,0,4
"18011",26,26,24,57,56,54,26,56
"18013",9,9,8,16,12,12,9,12
"18015",4,3,3,6,6,6,3,6
"18017",2,1,1,NA,NA,NA,1,NA
"18019",1,1,1,6,6,6,1,6
"18023",1,1,1,4,4,4,1,4
"18033",2,2,2,1,1,1,2,1
"18035",16,0,0,10,7,7,0,7
"18039",5,5,5,13,13,13,5,13
"18051",1,1,1,3,3,3,1,3
"18055",15,11,11,2,2,2,11,2
"18057",49,49,44,235,150,145,49,150
"18061",1,1,1,NA,NA,NA,1,NA
"18063",10,10,9,37,37,36,10,37
"18065",3,1,1,11,11,11,1,11
"18069",1,1,1,3,1,0,1,1
"18071",8,8,8,15,11,11,8,11
"18075",1,1,1,NA,NA,NA,1,NA
"18077",1,1,1,2,2,2,1,2
"18081",4,2,1,6,6,5,2,6
"18083",1,0,0,NA,NA,NA,0,NA
"18085",20,20,20,43,43,42,20,43
"18087",2,2,2,1,1,1,2,1
"18089",10,8,8,18,16,15,8,16
"18091",4,1,0,11,10,7,1,10
"18095",1,1,1,4,4,4,1,4
"18097",174,112,103,692,597,573,112,597
"18099",2,1,1,2,2,1,1,2
"18105",63,13,13,15,8,8,13,8
"18113",1,1,1,2,2,1,1,2
"18119",2,2,2,1,1,1,2,1
"18121",2,0,0,2,0,0,0,0
"18127",9,7,7,15,15,15,7,15
"18129",4,0,0,1,1,1,0,1
"18131",1,1,1,3,3,3,1,3
"18133",2,0,0,2,0,0,0,0
"18135",1,1,1,NA,NA,NA,1,NA
"18137",1,1,1,4,4,4,1,4
"18141",46,14,13,20,12,11,14,12
"18145",3,1,1,6,6,6,1,6
"18149",3,2,2,3,3,2,2,3
"18151",1,1,1,1,1,1,1,1
"18155",1,1,1,2,2,2,1,2
"18157",52,8,7,49,21,18,8,21
"18159",1,1,1,NA,NA,NA,1,NA
"18163",16,10,10,18,15,13,10,15
"18167",2,1,1,1,1,1,1,1
"18171",7,4,3,11,9,6,4,9
"18177",7,3,3,6,4,4,3,4
"18181",8,5,4,14,12,9,5,12
"18183",1,1,1,4,4,3,1,4
"19011",3,3,3,2,2,2,3,2
"19013",16,3,2,2,2,2,3,2
"19015",49,0,0,1,1,1,0,1
"19017",3,3,2,3,3,2,3,3
"19021",1,0,0,NA,NA,NA,0,NA
"19023",3,3,2,3,3,2,3,3
"19033",3,3,3,5,5,4,3,5
"19041",2,0,0,NA,NA,NA,0,NA
"19049",34,34,34,208,208,208,34,208
"19053",3,0,0,1,0,0,0,0
"19057",8,8,2,1,1,1,8,1
"19061",4,1,1,7,6,6,1,6
"19075",2,2,2,2,2,2,2,2
"19099",3,0,0,8,8,8,0,8
"19101",5,2,2,7,2,2,2,2
"19103",113,14,10,37,15,15,14,15
"19109",3,3,3,NA,NA,NA,3,NA
"19111",2,2,2,1,1,1,2,1
"19113",68,67,67,134,134,132,67,134
"19115",3,3,3,8,8,8,3,8
"19123",5,2,1,1,0,0,2,0
"19125",4,2,1,NA,NA,NA,2,NA
"19129",1,1,1,NA,NA,NA,1,NA
"19139",3,3,3,8,8,8,3,8
"19149",3,3,3,2,2,2,3,2
"19153",85,77,65,306,306,305,77,306
"19155",2,2,2,1,1,1,2,1
"19157",3,0,0,12,11,11,0,11
"19159",4,0,0,1,0,0,0,0
"19161",1,0,0,NA,NA,NA,0,NA
"19163",4,2,0,7,5,3,2,5
"19167",3,3,3,3,3,3,3,3
"19169",65,4,3,106,91,91,4,91
"19179",1,0,0,2,0,0,0,0
"19181",2,1,1,3,3,3,1,3
"19183",1,1,0,1,1,1,1,1
"19193",5,2,2,1,1,1,2,1
"19195",3,3,3,3,3,2,3,3
"20005",1,1,1,1,1,1,1,1
"20013",1,1,1,2,2,2,1,2
"20015",1,0,0,NA,NA,NA,0,NA
"20017",5,1,1,1,0,0,1,0
"20021",3,1,1,1,1,1,1,1
"20027",1,0,0,NA,NA,NA,0,NA
"20035",3,0,0,NA,NA,NA,0,NA
"20037",3,1,1,2,2,2,1,2
"20041",2,1,1,1,0,0,1,0
"20045",27,3,3,13,9,9,3,9
"20051",8,0,0,3,1,1,0,1
"20055",2,0,0,NA,NA,NA,0,NA
"20057",3,2,2,NA,NA,NA,2,NA
"20059",1,0,0,NA,NA,NA,0,NA
"20061",3,2,2,2,1,0,2,1
"20067",1,0,0,NA,NA,NA,0,NA
"20069",2,0,0,NA,NA,NA,0,NA
"20073",1,0,0,NA,NA,NA,0,NA
"20081",1,0,0,NA,NA,NA,0,NA
"20083",4,3,2,NA,NA,NA,3,NA
"20091",130,128,127,535,534,532,128,534
"20101",2,0,0,NA,NA,NA,0,NA
"20103",1,1,1,1,1,1,1,1
"20109",1,0,0,NA,NA,NA,0,NA
"20111",5,1,1,1,0,0,1,0
"20117",4,4,0,1,1,0,4,1
"20119",1,1,1,NA,NA,NA,1,NA
"20131",3,3,0,1,1,1,3,1
"20143",4,1,1,2,2,1,1,2
"20149",4,4,1,1,1,0,4,1
"20151",3,0,0,1,0,0,0,0
"20155",1,1,1,NA,NA,NA,1,NA
"20157",1,1,1,1,0,0,1,0
"20161",48,1,1,9,1,0,1,1
"20169",3,1,1,3,3,2,1,3
"20173",32,15,13,36,34,32,15,34
"20175",4,1,1,1,0,0,1,0
"20177",23,20,18,56,50,45,20,50
"20191",2,2,2,2,2,2,2,2
"20193",1,0,0,NA,NA,NA,0,NA
"20209",37,4,3,18,5,5,4,5
"21003",1,1,1,2,2,2,1,2
"21005",10,9,9,9,9,9,9,9
"21009",1,0,0,NA,NA,NA,0,NA
"21011",3,2,0,1,1,1,2,1
"21015",6,6,6,39,39,39,6,39
"21017",9,8,6,16,16,14,8,16
"21019",4,1,1,3,2,1,1,2
"21021",1,0,0,3,2,2,0,2
"21025",1,1,1,NA,NA,NA,1,NA
"21029",22,20,19,77,77,77,20,77
"21031",14,7,4,4,4,2,7,4
"21035",4,0,0,NA,NA,NA,0,NA
"21037",6,1,1,4,3,3,1,3
"21043",2,1,0,1,1,1,1,1
"21049",5,5,4,2,2,2,5,2
"21051",2,2,2,NA,NA,NA,2,NA
"21059",2,1,1,1,1,1,1,1
"21061",13,6,3,4,4,2,6,4
"21063",2,1,0,1,1,1,1,1
"21065",1,1,1,NA,NA,NA,1,NA
"21067",70,26,13,72,64,61,26,64
"21069",2,1,0,2,2,2,1,2
"21073",11,9,9,10,10,10,9,10
"21079",1,1,1,NA,NA,NA,1,NA
"21083",4,0,0,4,4,3,0,4
"21089",4,1,1,3,2,1,1,2
"21093",1,1,1,1,1,0,1,1
"21101",1,0,0,1,1,1,0,1
"21103",9,8,8,9,9,9,8,9
"21107",2,1,1,1,1,1,1,1
"21109",1,1,1,1,1,0,1,1
"21111",110,77,73,348,336,331,77,336
"21113",2,2,0,3,3,3,2,3
"21117",10,10,8,37,37,36,10,37
"21119",12,12,1,6,6,0,12,6
"21125",2,2,2,NA,NA,NA,2,NA
"21129",1,1,1,NA,NA,NA,1,NA
"21137",1,0,0,1,0,0,0,0
"21147",1,0,0,NA,NA,NA,0,NA
"21149",1,0,0,1,1,1,0,1
"21151",5,2,1,4,2,1,2,2
"21167",1,1,1,2,2,2,1,2
"21169",1,0,0,NA,NA,NA,0,NA
"21173",4,4,3,NA,NA,NA,4,NA
"21185",5,5,5,8,8,8,5,8
"21193",11,11,0,6,6,0,11,6
"21195",2,0,0,5,2,2,0,2
"21197",1,1,1,NA,NA,NA,1,NA
"21203",1,1,1,NA,NA,NA,1,NA
"21205",2,1,0,1,1,1,1,1
"21209",9,7,6,17,17,15,7,17
"21211",10,9,9,13,13,13,9,13
"21213",6,6,6,9,9,9,6,9
"21215",1,1,1,NA,NA,NA,1,NA
"21227",19,12,9,15,15,13,12,15
"21229",1,1,1,2,2,2,1,2
"21235",1,0,0,NA,NA,NA,0,NA
"21239",13,11,9,10,10,10,11,10
"22005",2,2,2,2,2,2,2,2
"22007",1,1,1,2,1,1,1,1
"22015",1,0,0,9,8,8,0,8
"22017",5,4,2,21,19,8,4,19
"22019",5,4,3,9,8,8,4,8
"22033",54,21,17,83,78,75,21,78
"22035",6,0,0,NA,NA,NA,0,NA
"22037",1,1,0,NA,NA,NA,1,NA
"22039",1,1,0,2,1,1,1,1
"22047",1,1,1,2,2,2,1,2
"22049",2,2,2,50,50,50,2,50
"22051",37,10,9,71,68,63,10,68
"22055",30,10,7,23,17,14,10,17
"22061",10,2,2,50,50,50,2,50
"22063",2,1,1,NA,NA,NA,1,NA
"22069",3,0,0,NA,NA,NA,0,NA
"22071",80,25,17,51,45,40,25,45
"22073",5,0,0,9,6,3,0,6
"22079",1,1,0,1,0,0,1,0
"22081",1,0,0,1,1,1,0,1
"22089",1,1,1,1,1,1,1,1
"22091",1,0,0,NA,NA,NA,0,NA
"22093",3,3,3,6,6,6,3,6
"22095",1,1,1,NA,NA,NA,1,NA
"22097",1,1,0,3,2,1,1,2
"22099",1,1,1,5,5,3,1,5
"22103",2,2,2,6,6,6,2,6
"22105",3,1,1,1,1,1,1,1
"22109",3,2,2,1,0,0,2,0
"22111",2,2,2,50,50,50,2,50
"22115",2,2,0,5,5,0,2,5
"22127",2,0,0,NA,NA,NA,0,NA
"23001",3,2,2,5,5,4,2,5
"23003",5,5,0,3,3,1,5,3
"23005",26,20,19,32,31,29,20,31
"23009",27,27,1,7,6,1,27,6
"23011",9,4,3,14,10,10,4,10
"23015",1,1,0,1,1,1,1,1
"23019",25,3,1,6,3,3,3,3
"23021",1,0,0,4,0,0,0,0
"23023",1,1,1,3,2,2,1,2
"23025",3,2,2,2,1,1,2,1
"23031",8,3,3,5,4,2,3,4
"24001",3,2,0,6,6,3,2,6
"24003",115,108,105,294,291,291,108,291
"24005",134,114,102,519,510,485,114,510
"24009",1,1,1,1,1,1,1,1
"24013",9,9,9,5,5,5,9,5
"24015",1,1,1,2,2,1,1,2
"24017",1,0,0,3,3,3,0,3
"24019",5,2,2,1,0,0,2,0
"24021",27,17,16,51,48,42,17,48
"24023",1,0,0,NA,NA,NA,0,NA
"24025",8,7,7,8,8,6,7,8
"24027",216,207,197,817,815,785,207,815
"24029",2,0,0,NA,NA,NA,0,NA
"24031",2788,2642,2623,8777,8719,8710,2642,8719
"24033",125,71,69,232,214,210,71,214
"24035",2,0,0,NA,NA,NA,0,NA
"24037",3,2,2,2,0,0,2,0
"24039",3,1,1,NA,NA,NA,1,NA
"24041",3,3,0,8,8,0,3,8
"24045",17,9,9,13,6,6,9,6
"24047",3,3,3,6,5,5,3,5
"24510",285,76,60,330,279,261,76,279
"25001",39,35,31,18,15,15,35,15
"25003",27,21,18,16,16,16,21,16
"25005",65,62,60,157,152,150,62,152
"25007",1,1,1,3,3,3,1,3
"25009",182,174,170,343,337,331,174,337
"25011",8,3,3,7,5,4,3,5
"25013",42,36,16,32,23,13,36,23
"25015",44,8,8,19,7,7,8,7
"25017",1574,1196,1136,3292,3121,3031,1196,3121
"25021",262,142,132,1229,1189,1177,142,1189
"25023",55,53,45,119,119,119,53,119
"25025",1768,1454,1398,3069,2924,2817,1454,2924
"25027",403,328,303,1069,1044,965,328,1044
"26005",9,9,8,12,10,9,9,10
"26015",1,1,0,1,1,1,1,1
"26017",2,1,1,6,0,0,1,0
"26019",2,1,0,7,6,1,1,6
"26021",29,25,25,22,22,22,25,22
"26023",1,1,1,1,1,1,1,1
"26025",12,10,10,15,15,13,10,15
"26033",8,5,5,1,0,0,5,0
"26037",8,8,8,19,18,18,8,18
"26045",11,8,8,24,24,24,8,24
"26047",1,1,0,NA,NA,NA,1,NA
"26049",6,5,4,14,12,12,5,12
"26055",2,1,0,7,6,1,1,6
"26057",2,0,0,2,1,0,0,1
"26059",1,1,1,NA,NA,NA,1,NA
"26061",11,0,0,2,0,0,0,0
"26065",97,24,24,93,63,62,24,63
"26067",2,1,1,9,9,8,1,9
"26073",12,3,3,9,3,2,3,3
"26075",13,12,10,38,38,35,12,38
"26077",26,16,12,37,26,21,16,26
"26081",64,53,49,162,153,133,53,153
"26087",2,2,2,2,2,2,2,2
"26089",2,1,0,8,7,2,1,7
"26091",9,8,8,19,19,19,8,19
"26093",2,2,2,10,10,10,2,10
"26099",106,100,100,250,249,246,100,249
"26103",2,0,0,1,1,1,0,1
"26107",1,0,0,NA,NA,NA,0,NA
"26111",27,27,27,39,38,37,27,38
"26115",18,17,17,16,16,16,17,16
"26117",1,0,0,1,1,0,0,1
"26121",3,3,3,5,5,5,3,5
"26123",2,1,1,2,2,2,1,2
"26125",2581,2548,2541,7594,7272,7255,2548,7272
"26127",1,1,1,NA,NA,NA,1,NA
"26139",22,12,12,25,23,22,12,23
"26145",26,26,21,24,19,18,26,19
"26147",5,5,5,2,2,1,5,2
"26151",1,1,1,1,1,1,1,1
"26155",1,0,0,NA,NA,NA,0,NA
"26157",1,1,0,NA,NA,NA,1,NA
"26159",26,26,26,26,22,22,26,22
"26161",467,246,243,914,881,878,246,881
"26163",619,580,525,2080,2059,2035,580,2059
"27003",78,78,73,183,182,176,78,182
"27007",2,0,0,NA,NA,NA,0,NA
"27013",4,0,0,5,5,5,0,5
"27015",3,2,2,6,6,6,2,6
"27019",4,4,4,12,12,12,4,12
"27021",3,0,0,NA,NA,NA,0,NA
"27025",4,4,0,6,6,0,4,6
"27027",6,1,0,4,2,0,1,2
"27029",1,1,1,NA,NA,NA,1,NA
"27033",1,1,1,NA,NA,NA,1,NA
"27035",1,0,0,NA,NA,NA,0,NA
"27037",25,19,19,93,93,91,19,93
"27047",1,0,0,NA,NA,NA,0,NA
"27049",5,2,2,2,2,2,2,2
"27053",455,342,319,734,691,654,342,691
"27057",2,0,0,NA,NA,NA,0,NA
"27063",1,1,1,NA,NA,NA,1,NA
"27067",3,3,3,1,1,1,3,1
"27073",1,1,1,3,3,3,1,3
"27083",3,1,1,1,1,1,1,1
"27089",1,1,1,NA,NA,NA,1,NA
"27103",4,0,0,9,6,6,0,6
"27109",150,150,4,38,38,6,150,38
"27119",2,2,2,1,1,0,2,1
"27123",141,133,130,325,324,314,133,324
"27127",5,3,3,4,4,4,3,4
"27131",4,1,1,2,2,2,1,2
"27137",4,4,1,2,2,2,4,2
"27139",4,4,3,39,39,39,4,39
"27145",5,5,1,15,3,3,5,3
"27147",1,1,1,1,1,1,1,1
"27163",13,13,9,49,49,43,13,49
"27165",1,0,0,NA,NA,NA,0,NA
"27169",4,2,2,15,14,14,2,14
"27171",1,1,1,NA,NA,NA,1,NA
"28003",1,1,1,NA,NA,NA,1,NA
"28011",4,1,0,2,0,0,1,0
"28021",3,0,0,1,0,0,0,0
"28023",3,3,1,1,0,0,3,0
"28025",5,5,5,NA,NA,NA,5,NA
"28031",8,5,0,1,0,0,5,0
"28033",1,1,1,2,2,2,1,2
"28035",17,6,0,3,1,1,6,1
"28043",1,1,1,NA,NA,NA,1,NA
"28045",1,1,1,1,1,1,1,1
"28049",23,4,4,16,6,4,4,6
"28055",1,1,1,NA,NA,NA,1,NA
"28063",3,0,0,1,0,0,0,0
"28067",10,7,2,2,1,0,7,1
"28071",14,0,0,10,4,4,0,4
"28073",7,5,0,2,1,1,5,1
"28075",3,3,1,1,0,0,3,0
"28081",3,1,0,2,2,1,1,2
"28083",1,0,0,1,0,0,0,0
"28087",5,5,5,1,1,1,5,1
"28089",3,3,3,8,8,8,3,8
"28093",1,1,1,2,1,1,1,1
"28097",1,1,1,NA,NA,NA,1,NA
"28105",18,5,5,NA,NA,NA,5,NA
"28113",1,1,0,NA,NA,NA,1,NA
"28115",3,1,0,6,6,5,1,6
"28121",3,3,3,3,3,3,3,3
"28123",1,1,1,3,3,3,1,3
"28125",1,0,0,NA,NA,NA,0,NA
"28129",1,1,1,4,4,4,1,4
"28133",2,1,1,6,2,2,1,2
"28135",1,1,1,NA,NA,NA,1,NA
"28149",1,1,1,NA,NA,NA,1,NA
"29001",4,0,0,NA,NA,NA,0,NA
"29003",6,3,3,1,1,1,3,1
"29007",2,2,0,5,5,2,2,5
"29009",1,1,1,NA,NA,NA,1,NA
"29015",1,1,0,NA,NA,NA,1,NA
"29019",51,7,7,25,16,16,7,16
"29021",6,3,3,1,1,1,3,1
"29025",3,0,0,NA,NA,NA,0,NA
"29027",9,7,5,20,19,16,7,19
"29031",6,0,0,2,2,2,0,2
"29041",1,1,1,NA,NA,NA,1,NA
"29047",167,166,165,10,10,10,166,10
"29049",3,0,0,NA,NA,NA,0,NA
"29051",5,5,5,25,25,25,5,25
"29053",1,1,0,NA,NA,NA,1,NA
"29055",1,1,1,NA,NA,NA,1,NA
"29061",3,0,0,NA,NA,NA,0,NA
"29063",3,0,0,NA,NA,NA,0,NA
"29065",5,5,0,3,3,3,5,3
"29071",21,21,21,93,93,93,21,93
"29077",21,11,5,14,10,2,11,10
"29083",1,1,0,NA,NA,NA,1,NA
"29091",4,1,1,NA,NA,NA,1,NA
"29095",78,40,31,130,121,105,40,121
"29097",4,3,1,2,2,1,3,2
"29099",2,2,2,5,5,5,2,5
"29101",10,2,1,45,42,42,2,42
"29109",1,1,1,NA,NA,NA,1,NA
"29115",1,1,1,NA,NA,NA,1,NA
"29121",2,0,0,NA,NA,NA,0,NA
"29123",2,2,0,4,4,0,2,4
"29125",5,5,0,3,3,3,5,3
"29127",3,3,0,NA,NA,NA,3,NA
"29133",1,1,0,1,0,0,1,0
"29143",1,1,0,1,0,0,1,0
"29145",3,3,1,1,1,0,3,1
"29147",5,1,1,NA,NA,NA,1,NA
"29155",1,1,1,NA,NA,NA,1,NA
"29159",4,2,0,NA,NA,NA,2,NA
"29161",20,5,0,4,3,3,5,3
"29165",8,6,6,11,11,10,6,11
"29167",17,17,17,NA,NA,NA,17,NA
"29169",1,1,1,NA,NA,NA,1,NA
"29173",3,3,0,NA,NA,NA,3,NA
"29183",5,4,4,76,75,75,4,75
"29186",3,3,1,6,6,2,3,6
"29187",2,2,0,6,6,2,2,6
"29189",376,275,270,910,876,859,275,876
"29195",2,0,0,NA,NA,NA,0,NA
"29201",1,1,0,2,1,1,1,1
"29207",2,2,1,2,1,1,2,1
"29215",1,0,0,NA,NA,NA,0,NA
"29217",2,1,1,NA,NA,NA,1,NA
"29221",1,1,1,NA,NA,NA,1,NA
"29510",156,42,33,127,88,72,42,88
"30003",3,3,3,5,5,5,3,5
"30007",1,1,1,NA,NA,NA,1,NA
"30013",4,4,1,10,8,1,4,8
"30029",2,2,1,1,1,1,2,1
"30031",22,2,2,1,1,1,2,1
"30043",3,1,1,3,2,1,1,2
"30055",2,2,0,1,1,1,2,1
"30063",8,0,0,NA,NA,NA,0,NA
"30067",1,1,1,1,1,1,1,1
"30085",2,2,0,NA,NA,NA,2,NA
"30093",2,0,0,2,1,1,0,1
"30095",1,0,0,NA,NA,NA,0,NA
"30097",1,0,0,NA,NA,NA,0,NA
"30105",2,2,0,NA,NA,NA,2,NA
"30111",6,6,3,6,6,5,6,6
"31001",1,1,1,1,1,1,1,1
"31007",1,1,1,NA,NA,NA,1,NA
"31011",2,2,0,NA,NA,NA,2,NA
"31019",6,1,1,1,1,1,1,1
"31039",1,0,0,NA,NA,NA,0,NA
"31047",1,1,1,NA,NA,NA,1,NA
"31053",1,0,0,1,0,0,0,0
"31055",229,179,173,285,270,267,179,270
"31071",1,1,1,NA,NA,NA,1,NA
"31073",1,1,1,NA,NA,NA,1,NA
"31079",1,1,1,NA,NA,NA,1,NA
"31093",1,1,1,NA,NA,NA,1,NA
"31099",7,2,2,2,2,2,2,2
"31101",1,1,1,NA,NA,NA,1,NA
"31105",1,1,1,NA,NA,NA,1,NA
"31109",78,31,31,45,38,37,31,38
"31111",2,0,0,NA,NA,NA,0,NA
"31117",2,0,0,NA,NA,NA,0,NA
"31119",1,1,1,2,2,0,1,2
"31121",1,1,1,NA,NA,NA,1,NA
"31123",2,0,0,NA,NA,NA,0,NA
"31135",1,1,1,1,0,0,1,0
"31137",5,0,0,NA,NA,NA,0,NA
"31139",1,1,1,2,2,0,1,2
"31147",1,1,1,NA,NA,NA,1,NA
"31153",2,2,2,11,11,11,2,11
"31155",1,0,0,1,0,0,0,0
"31157",2,0,0,NA,NA,NA,0,NA
"31159",1,1,1,NA,NA,NA,1,NA
"31165",2,0,0,NA,NA,NA,0,NA
"31167",1,1,1,2,2,0,1,2
"31169",1,1,1,2,2,2,1,2
"31173",1,0,0,NA,NA,NA,0,NA
"31175",1,1,1,NA,NA,NA,1,NA
"31177",1,0,0,2,1,1,0,1
"31179",3,0,0,NA,NA,NA,0,NA
"32003",97,82,78,185,183,171,82,183
"32005",3,3,3,6,6,6,3,6
"32007",4,4,4,9,9,9,4,9
"32021",1,1,1,1,0,0,1,0
"32029",4,4,4,7,7,7,4,7
"32031",34,13,9,55,41,41,13,41
"32510",1,1,1,NA,NA,NA,1,NA
"33001",3,3,1,6,5,2,3,5
"33003",1,1,1,2,1,1,1,1
"33005",4,1,1,7,3,2,1,3
"33007",4,1,0,NA,NA,NA,1,NA
"33009",40,17,8,21,16,11,17,16
"33011",116,112,112,299,295,294,112,295
"33013",8,6,6,16,13,13,6,13
"33015",33,19,19,60,60,59,19,60
"33017",23,8,8,7,7,7,8,7
"33019",2,2,2,1,1,1,2,1
"34001",4,3,2,7,6,6,3,6
"34003",299,292,288,1428,1413,1406,292,1413
"34005",80,79,77,314,313,308,79,313
"34007",44,44,39,135,134,130,44,134
"34009",1,1,1,1,0,0,1,0
"34011",2,2,2,2,2,2,2,2
"34013",336,288,286,446,434,425,288,434
"34015",18,3,3,13,10,10,3,10
"34017",1172,1159,1146,2812,2798,2781,1159,2798
"34019",15,15,15,93,89,88,15,89
"34021",802,703,696,4597,4569,4528,703,4569
"34023",7215,7168,7132,28291,28228,28022,7168,28228
"34025",152,151,151,678,676,676,151,676
"34027",411,406,404,1430,1418,1405,406,1418
"34029",21,21,21,45,43,43,21,43
"34031",83,75,74,313,309,303,75,309
"34033",1,1,1,1,1,1,1,1
"34035",1125,1120,1117,7183,7170,7126,1120,7170
"34037",20,20,20,13,13,13,20,13
"34039",3200,3196,3179,6247,6241,6112,3196,6241
"34041",8,6,5,19,18,18,6,18
"35001",98,79,64,240,228,220,79,228
"35005",4,4,3,7,7,7,4,7
"35006",1,0,0,1,0,0,0,0
"35009",1,1,1,10,9,8,1,9
"35013",14,4,2,6,3,3,4,3
"35015",1,1,1,NA,NA,NA,1,NA
"35017",1,0,0,1,0,0,0,0
"35021",3,0,0,NA,NA,NA,0,NA
"35023",1,1,0,NA,NA,NA,1,NA
"35025",1,1,1,1,1,1,1,1
"35028",38,38,38,1,1,1,38,1
"35029",4,0,0,3,0,0,0,0
"35031",16,12,12,6,1,1,12,1
"35035",1,0,0,NA,NA,NA,0,NA
"35039",1,0,0,1,0,0,0,0
"35043",39,39,39,2,2,2,39,2
"35049",8,6,5,16,10,8,6,10
"35051",2,1,0,NA,NA,NA,1,NA
"35059",3,0,0,NA,NA,NA,0,NA
"36001",122,65,64,271,243,240,65,243
"36003",1,0,0,2,1,1,0,1
"36005",199,44,30,188,99,88,44,99
"36007",27,4,4,14,7,6,4,7
"36009",4,2,0,2,2,0,2,2
"36011",22,10,9,31,26,26,10,26
"36013",3,0,0,8,6,5,0,6
"36015",2,2,2,9,9,8,2,9
"36017",2,2,2,5,5,5,2,5
"36019",5,0,0,2,0,0,0,0
"36023",8,7,6,23,21,21,7,21
"36025",6,0,0,6,2,2,0,2
"36027",32,25,25,89,88,88,25,88
"36029",148,80,73,149,122,106,80,122
"36033",4,1,1,3,0,0,1,0
"36035",1,1,0,1,1,1,1,1
"36037",1,1,1,5,4,4,1,4
"36043",5,4,0,7,4,4,4,4
"36045",3,1,0,3,3,3,1,3
"36047",334,265,260,780,730,713,265,730
"36049",3,1,0,3,3,3,1,3
"36051",3,1,1,6,6,6,1,6
"36053",1,0,0,8,3,3,0,3
"36055",162,77,76,491,469,468,77,469
"36059",312,295,241,934,920,895,295,920
"36061",4974,4325,4273,24794,24477,24364,4325,24477
"36063",8,6,5,14,12,12,6,12
"36065",7,5,0,13,7,7,5,7
"36067",73,34,30,61,45,44,34,45
"36069",7,7,7,144,144,144,7,144
"36071",11,11,10,22,22,18,11,22
"36073",4,0,0,4,2,2,0,2
"36075",12,1,1,9,6,6,1,6
"36077",17,0,0,12,2,2,0,2
"36079",14,11,11,64,58,52,11,58
"36081",264,252,234,1025,1014,956,252,1014
"36083",36,7,7,20,13,13,7,13
"36085",9,9,4,17,17,15,9,17
"36087",13,10,10,60,58,56,10,58
"36089",17,3,2,5,2,2,3,2
"36091",14,13,13,47,44,44,13,44
"36093",24,22,20,17,6,6,22,6
"36099",3,3,3,23,23,23,3,23
"36101",25,16,16,30,30,30,16,30
"36103",199,165,134,487,474,420,165,474
"36105",2,2,1,6,6,1,2,6
"36107",1,1,1,2,2,2,1,2
"36109",82,14,13,63,39,39,14,39
"36111",3,1,1,6,4,4,1,4
"36115",1,1,1,NA,NA,NA,1,NA
"36117",1,1,1,13,13,13,1,13
"36119",178,150,150,465,360,329,150,360
"36121",1,1,1,1,1,1,1,1
"36123",3,3,3,20,20,20,3,20
"37001",7,6,5,10,8,7,6,8
"37003",3,2,2,3,3,3,2,3
"37013",1,1,1,3,3,3,1,3
"37015",2,2,0,2,1,1,2,1
"37017",1,1,1,2,2,2,1,2
"37019",19,19,19,37,37,37,19,37
"37021",6,4,4,12,11,11,4,11
"37023",3,2,2,11,9,9,2,9
"37025",72,71,71,184,177,175,71,177
"37027",1,0,0,5,3,3,0,3
"37029",1,0,0,2,1,0,0,1
"37033",4,3,3,8,6,6,3,6
"37035",4,3,3,10,10,10,3,10
"37037",34,34,34,143,143,142,34,143
"37045",3,3,3,2,2,2,3,2
"37051",12,9,2,6,5,4,9,5
"37057",14,10,10,20,17,17,10,17
"37059",2,2,2,7,7,7,2,7
"37063",1436,1352,1347,1463,1433,1427,1352,1433
"37065",9,9,2,3,0,0,9,0
"37067",39,23,21,51,40,39,23,40
"37071",6,6,5,72,72,72,6,72
"37077",1,1,1,8,8,8,1,8
"37081",73,60,57,66,61,57,60,61
"37085",5,5,5,11,11,10,5,11
"37089",4,4,4,6,6,6,4,6
"37091",2,2,0,1,1,1,2,1
"37093",9,9,2,3,3,2,9,3
"37097",14,13,13,22,20,20,13,20
"37099",4,1,1,3,0,0,1,0
"37101",8,8,8,23,23,21,8,23
"37105",4,4,4,11,11,11,4,11
"37117",1,1,1,3,3,3,1,3
"37119",254,224,221,558,549,543,224,549
"37123",1,1,1,2,2,2,1,2
"37127",3,1,1,10,10,10,1,10
"37129",32,23,23,43,43,43,23,43
"37135",46,8,6,31,17,17,8,17
"37139",1,0,0,2,1,0,0,1
"37141",18,18,18,29,29,29,18,29
"37145",1,1,1,NA,NA,NA,1,NA
"37147",24,10,3,14,11,2,10,11
"37149",3,3,2,3,3,3,3,3
"37151",2,1,1,2,1,1,1,1
"37153",1,0,0,NA,NA,NA,0,NA
"37155",6,3,3,5,4,4,3,4
"37159",13,12,12,9,7,7,12,7
"37161",2,2,1,4,4,4,2,4
"37165",2,1,1,3,3,3,1,3
"37167",2,1,1,3,3,3,1,3
"37169",1,1,1,5,5,5,1,5
"37175",1,0,0,2,1,1,0,1
"37179",6,6,5,33,33,31,6,33
"37181",1,1,1,NA,NA,NA,1,NA
"37183",1553,1529,1521,2233,2194,2184,1529,2194
"37189",10,0,0,5,4,4,0,4
"37195",1,1,1,11,11,11,1,11
"38005",1,0,0,1,0,0,0,0
"38009",2,1,1,NA,NA,NA,1,NA
"38015",2,0,0,6,6,3,0,6
"38017",23,11,8,30,27,24,11,27
"38021",2,0,0,NA,NA,NA,0,NA
"38025",1,1,0,2,2,2,1,2
"38029",1,0,0,3,1,1,0,1
"38035",13,4,1,6,3,2,4,3
"38045",1,0,0,NA,NA,NA,0,NA
"38049",2,1,1,NA,NA,NA,1,NA
"38051",1,0,0,NA,NA,NA,0,NA
"38057",1,1,1,NA,NA,NA,1,NA
"38065",1,1,1,NA,NA,NA,1,NA
"38067",1,1,1,1,1,1,1,1
"38069",2,1,1,1,0,0,1,0
"38081",1,0,0,NA,NA,NA,0,NA
"38089",1,1,0,2,2,2,1,2
"38093",1,0,0,1,1,0,0,1
"38095",1,1,0,NA,NA,NA,1,NA
"38099",1,1,1,NA,NA,NA,1,NA
"38101",10,5,0,2,1,0,5,1
"38105",6,3,0,6,6,1,3,6
"39003",5,2,1,3,3,3,2,3
"39005",11,10,5,8,5,5,10,5
"39009",20,2,1,4,0,0,2,0
"39011",4,4,4,2,2,2,4,2
"39017",39,19,17,74,70,70,19,70
"39023",1,1,1,5,5,5,1,5
"39025",28,27,26,21,21,21,27,21
"39027",9,9,9,23,23,23,9,23
"39029",1,0,0,3,3,3,0,3
"39031",1,1,1,1,1,1,1,1
"39033",1,0,0,NA,NA,NA,0,NA
"39035",268,115,73,400,339,283,115,339
"39037",2,2,2,6,6,6,2,6
"39041",202,201,188,1568,1567,1524,201,1567
"39043",1,1,1,2,2,2,1,2
"39045",7,6,6,2,2,2,6,2
"39049",437,313,292,2451,2427,2377,313,2427
"39051",1,1,1,1,1,1,1,1
"39053",2,1,0,NA,NA,NA,1,NA
"39055",29,28,28,112,110,110,28,110
"39057",14,11,11,95,95,95,11,95
"39061",320,302,213,1570,1557,1316,302,1557
"39063",8,3,2,3,3,3,3,3
"39065",5,2,2,11,11,11,2,11
"39075",1,1,1,1,1,1,1,1
"39077",1,1,1,NA,NA,NA,1,NA
"39081",1,1,1,4,3,3,1,3
"39083",2,0,0,1,1,1,0,1
"39085",26,26,26,105,103,103,26,103
"39089",27,23,23,50,48,48,23,48
"39091",5,4,4,1,1,1,4,1
"39093",15,11,8,13,11,11,11,11
"39095",26,16,9,52,42,42,16,42
"39097",8,8,8,52,52,52,8,52
"39099",6,3,2,18,18,15,3,18
"39101",3,2,2,11,11,11,2,11
"39103",9,8,8,23,23,23,8,23
"39107",4,4,4,3,3,3,4,3
"39109",2,2,2,22,22,22,2,22
"39113",102,94,92,407,402,400,94,402
"39117",3,1,0,4,4,4,1,4
"39123",1,1,1,1,1,1,1,1
"39133",27,8,8,25,23,23,8,23
"39135",20,1,1,9,5,5,1,5
"39139",5,5,0,7,4,4,5,4
"39143",2,2,2,1,1,1,2,1
"39147",5,1,1,1,1,1,1,1
"39149",4,4,4,8,8,8,4,8
"39151",13,9,6,11,10,10,9,10
"39153",53,38,36,186,181,180,38,181
"39155",1,1,1,5,5,5,1,5
"39159",169,167,154,845,845,803,167,845
"39165",99,99,98,408,408,408,99,408
"39167",4,2,0,1,1,0,2,1
"39169",6,5,5,7,7,7,5,7
"39171",2,2,2,3,3,3,2,3
"39173",10,3,3,2,2,2,3,2
"40003",2,1,1,NA,NA,NA,1,NA
"40013",1,0,0,NA,NA,NA,0,NA
"40017",4,4,4,1,0,0,4,0
"40019",4,2,2,1,0,0,2,0
"40021",6,1,1,NA,NA,NA,1,NA
"40027",48,13,12,19,14,14,13,14
"40031",2,2,1,1,1,1,2,1
"40037",5,5,5,6,4,4,5,4
"40045",3,0,0,NA,NA,NA,0,NA
"40047",1,1,1,5,5,5,1,5
"40057",2,0,0,NA,NA,NA,0,NA
"40059",8,8,8,16,16,16,8,16
"40069",3,1,1,1,0,0,1,0
"40071",1,1,0,1,1,1,1,1
"40079",2,2,0,1,1,0,2,1
"40083",4,2,2,6,3,3,2,3
"40085",3,1,1,1,0,0,1,0
"40087",7,7,7,8,8,8,7,8
"40095",3,1,1,1,0,0,1,0
"40109",77,40,28,72,57,54,40,57
"40113",1,1,1,1,0,0,1,0
"40119",10,1,1,7,2,2,1,2
"40121",1,1,1,1,1,0,1,1
"40123",1,0,0,2,1,1,0,1
"40131",1,1,1,2,1,1,1,1
"40137",2,2,2,NA,NA,NA,2,NA
"40139",6,6,6,21,21,21,6,21
"40143",41,31,26,76,69,60,31,69
"40145",2,1,1,6,5,5,1,5
"40151",2,1,1,NA,NA,NA,1,NA
"40153",1,1,0,1,1,1,1,1
"41003",34,2,2,7,5,5,2,5
"41005",38,38,36,104,103,103,38,103
"41007",2,2,2,1,0,0,2,0
"41019",4,4,4,NA,NA,NA,4,NA
"41029",17,13,13,14,14,13,13,14
"41033",1,1,1,2,2,1,1,2
"41035",2,2,2,7,5,5,2,5
"41039",24,5,5,24,16,15,5,16
"41041",1,1,1,NA,NA,NA,1,NA
"41043",32,3,3,8,6,6,3,6
"41047",12,11,4,5,4,4,11,4
"41049",1,1,0,NA,NA,NA,1,NA
"41051",123,78,71,208,193,159,78,193
"41053",3,0,0,3,3,3,0,3
"41059",3,1,0,1,1,0,1,1
"41067",117,112,109,254,245,242,112,245
"41071",1,1,1,14,14,14,1,14
"42001",3,1,1,1,1,1,1,1
"42003",628,399,325,2365,2325,2258,399,2325
"42007",46,45,45,1432,1432,1432,45,1432
"42011",26,25,25,50,47,45,25,47
"42013",1,1,1,NA,NA,NA,1,NA
"42015",3,2,0,2,1,0,2,1
"42017",220,215,210,996,989,978,215,989
"42019",18,12,10,34,34,33,12,34
"42021",7,4,4,10,10,10,4,10
"42025",1,1,1,4,4,4,1,4
"42027",94,2,2,20,9,8,2,9
"42029",366,362,334,1619,1613,1555,362,1613
"42031",2,0,0,NA,NA,NA,0,NA
"42033",1,1,1,NA,NA,NA,1,NA
"42035",3,0,0,NA,NA,NA,0,NA
"42037",8,0,0,3,3,3,0,3
"42039",9,6,6,9,8,8,6,8
"42041",136,83,81,168,165,165,83,165
"42043",26,18,17,26,20,20,18,20
"42045",284,265,254,408,380,356,265,380
"42049",14,7,5,11,11,10,7,11
"42055",9,4,4,8,8,7,4,8
"42063",1,1,0,1,1,0,1,1
"42065",1,1,1,1,1,1,1,1
"42069",9,9,6,26,24,1,9,24
"42071",63,57,51,33,33,25,57,33
"42073",5,1,1,1,1,1,1,1
"42075",11,11,11,13,7,7,11,7
"42077",40,26,26,86,78,77,26,78
"42079",17,2,2,6,6,6,2,6
"42081",4,1,1,NA,NA,NA,1,NA
"42085",8,4,2,2,2,2,4,2
"42087",2,2,2,NA,NA,NA,2,NA
"42089",4,3,3,7,7,7,3,7
"42091",251,224,221,1204,1169,1113,224,1169
"42093",18,9,2,24,13,5,9,13
"42095",27,13,13,56,48,47,13,48
"42097",1,1,1,4,4,4,1,4
"42101",1059,820,801,27259,27159,27125,820,27159
"42103",1,1,0,5,5,5,1,5
"42107",2,2,2,3,3,3,2,3
"42111",6,5,4,7,6,6,5,6
"42113",1,1,1,NA,NA,NA,1,NA
"42115",1,0,0,NA,NA,NA,0,NA
"42119",8,0,0,7,4,3,0,4
"42121",1,1,1,NA,NA,NA,1,NA
"42123",1,1,1,NA,NA,NA,1,NA
"42125",83,81,81,384,384,383,81,384
"42127",1,0,0,1,1,0,0,1
"42129",32,31,29,244,243,242,31,243
"42131",2,1,1,NA,NA,NA,1,NA
"42133",13,13,12,150,148,144,13,148
"44001",7,2,2,NA,NA,NA,2,NA
"44003",31,31,25,30,30,28,31,30
"44005",1,1,1,2,2,2,1,2
"44007",149,100,94,210,187,176,100,187
"44009",11,0,0,5,2,2,0,2
"45001",4,4,2,1,0,0,4,0
"45003",5,5,5,1,1,1,5,1
"45007",19,18,16,13,11,10,18,11
"45009",6,0,0,NA,NA,NA,0,NA
"45011",1,1,1,NA,NA,NA,1,NA
"45013",2,1,1,1,1,1,1,1
"45015",4,3,3,12,8,8,3,8
"45019",37,13,12,53,41,40,13,41
"45023",5,5,5,3,3,3,5,3
"45025",1,1,1,5,4,4,1,4
"45027",4,4,4,3,1,1,4,1
"45029",2,2,2,6,6,6,2,6
"45031",4,3,3,10,10,10,3,10
"45035",2,2,2,11,8,8,2,8
"45039",3,3,3,3,1,1,3,1
"45041",9,8,8,11,8,8,8,8
"45045",31,28,20,59,58,58,28,58
"45047",4,4,2,3,2,2,4,2
"45051",8,7,6,8,4,4,7,4
"45053",1,0,0,NA,NA,NA,0,NA
"45055",1,1,1,1,1,1,1,1
"45057",8,8,8,21,21,21,8,21
"45059",5,3,3,6,6,6,3,6
"45061",1,1,1,4,4,4,1,4
"45063",7,7,6,16,14,14,7,14
"45071",1,1,1,1,0,0,1,0
"45073",1,1,1,2,2,2,1,2
"45075",11,3,1,NA,NA,NA,3,NA
"45077",35,9,9,10,2,2,9,2
"45079",75,41,41,195,179,177,41,179
"45083",17,17,17,41,40,40,17,40
"45085",1,1,1,2,2,1,1,2
"45089",5,5,5,3,1,1,5,1
"45091",37,35,35,66,65,65,35,65
"46005",1,1,1,1,1,1,1,1
"46011",10,0,0,3,0,0,0,0
"46013",3,0,0,NA,NA,NA,0,NA
"46027",8,0,0,1,0,0,0,0
"46029",1,1,1,NA,NA,NA,1,NA
"46051",5,5,5,6,6,6,5,6
"46055",1,1,0,NA,NA,NA,1,NA
"46057",1,1,1,NA,NA,NA,1,NA
"46065",8,8,8,33,33,33,8,33
"46079",2,0,0,NA,NA,NA,0,NA
"46083",3,3,2,2,2,2,3,2
"46093",2,0,0,2,2,2,0,2
"46099",48,35,16,17,11,9,35,11
"46103",2,0,0,2,2,2,0,2
"46109",5,5,5,7,7,7,5,7
"46111",1,1,1,1,1,1,1,1
"46119",8,8,8,33,33,33,8,33
"46121",1,1,0,2,0,0,1,0
"46123",1,1,0,NA,NA,NA,1,NA
"46135",1,1,0,NA,NA,NA,1,NA
"47001",78,74,74,27,27,11,74,27
"47003",3,3,3,13,13,13,3,13
"47011",1,1,1,1,1,1,1,1
"47015",1,1,1,NA,NA,NA,1,NA
"47019",1,1,1,NA,NA,NA,1,NA
"47021",3,2,2,8,7,7,2,7
"47025",2,0,0,NA,NA,NA,0,NA
"47029",2,0,0,NA,NA,NA,0,NA
"47031",3,3,3,13,13,13,3,13
"47037",352,282,264,484,469,457,282,469
"47041",1,1,1,NA,NA,NA,1,NA
"47043",2,2,2,3,3,3,2,3
"47045",1,1,1,NA,NA,NA,1,NA
"47047",7,7,7,21,21,21,7,21
"47051",6,4,4,13,13,13,4,13
"47055",3,3,3,4,3,3,3,3
"47059",2,0,0,NA,NA,NA,0,NA
"47063",1,1,1,4,4,4,1,4
"47065",9,8,8,29,28,28,8,28
"47067",2,0,0,NA,NA,NA,0,NA
"47073",10,10,9,12,12,12,10,12
"47081",2,2,2,3,3,3,2,3
"47083",1,1,1,1,1,1,1,1
"47085",1,1,1,1,1,1,1,1
"47087",1,0,0,1,0,0,0,0
"47089",1,0,0,5,5,5,0,5
"47093",79,64,14,30,21,19,64,21
"47099",1,1,1,NA,NA,NA,1,NA
"47101",1,1,1,NA,NA,NA,1,NA
"47103",2,2,2,4,3,3,2,3
"47105",5,5,4,10,10,9,5,10
"47107",2,2,2,2,2,2,2,2
"47113",1,1,1,1,1,1,1,1
"47123",3,3,3,5,5,5,3,5
"47125",4,1,1,6,5,5,1,5
"47127",4,4,4,13,13,13,4,13
"47133",1,0,0,1,0,0,0,0
"47141",1,0,0,1,0,0,0,0
"47145",2,2,2,2,2,2,2,2
"47149",10,8,8,22,19,19,8,19
"47157",178,94,82,249,234,228,94,234
"47163",14,14,13,19,19,19,14,19
"47165",2,2,2,9,9,8,2,9
"47171",1,1,1,NA,NA,NA,1,NA
"47177",1,1,1,NA,NA,NA,1,NA
"47179",7,3,1,3,3,2,3,3
"47181",1,1,1,NA,NA,NA,1,NA
"47183",3,3,0,NA,NA,NA,3,NA
"47187",56,56,52,117,117,114,56,117
"47189",1,1,1,5,5,5,1,5
"48001",3,3,2,2,1,1,3,1
"48009",4,3,1,4,2,2,3,2
"48013",4,4,4,5,5,3,4,5
"48021",1,0,0,5,4,4,0,4
"48025",2,2,2,NA,NA,NA,2,NA
"48027",5,2,1,6,5,5,2,5
"48029",150,105,100,396,369,355,105,369
"48031",1,1,1,NA,NA,NA,1,NA
"48037",1,0,0,2,1,1,0,1
"48039",13,13,12,24,24,24,13,24
"48041",3357,3256,3249,4068,4043,4041,3256,4043
"48043",2,0,0,NA,NA,NA,0,NA
"48049",1,1,1,NA,NA,NA,1,NA
"48053",2,2,2,4,3,3,2,3
"48055",9,2,2,12,6,6,2,6
"48057",21,21,21,33,33,33,21,33
"48059",1,0,0,1,1,1,0,1
"48061",4,4,1,14,14,12,4,14
"48069",1,0,0,1,1,1,0,1
"48071",8,3,3,8,8,8,3,8
"48073",2,0,0,1,0,0,0,0
"48083",1,1,1,NA,NA,NA,1,NA
"48085",2062,2037,2036,11394,11385,11377,2037,11385
"48091",9,2,2,15,9,9,2,9
"48097",5,5,5,13,13,13,5,13
"48099",4,1,1,3,3,3,1,3
"48103",1,0,0,NA,NA,NA,0,NA
"48113",3354,3189,3095,10406,10345,10258,3189,10345
"48115",5,5,2,4,0,0,5,0
"48119",2,1,0,1,1,1,1,1
"48121",1875,1855,1854,10243,10236,10229,1855,10236
"48127",1,0,0,NA,NA,NA,0,NA
"48133",1,1,1,NA,NA,NA,1,NA
"48135",13,7,5,9,2,2,7,2
"48139",3,3,3,17,15,15,3,15
"48141",20,8,8,40,32,28,8,32
"48143",5,0,0,1,0,0,0,0
"48147",1,1,1,2,2,2,1,2
"48153",1,1,1,NA,NA,NA,1,NA
"48157",232,214,212,1478,1455,1441,214,1455
"48159",2,2,2,NA,NA,NA,2,NA
"48161",1,1,1,NA,NA,NA,1,NA
"48165",2,0,0,NA,NA,NA,0,NA
"48167",32,5,5,29,20,20,5,20
"48171",2,1,1,1,1,1,1,1
"48175",1,1,1,NA,NA,NA,1,NA
"48177",2,2,0,NA,NA,NA,2,NA
"48181",6,5,5,17,11,11,5,11
"48183",5,2,2,1,1,1,2,1
"48185",7,7,7,22,22,22,7,22
"48187",10,3,3,13,7,7,3,7
"48189",1,1,0,NA,NA,NA,1,NA
"48201",2003,1652,1631,5419,5282,5227,1652,5282
"48203",4,3,3,2,1,1,3,1
"48207",3,3,0,2,0,0,3,0
"48209",12,5,5,15,9,9,5,9
"48213",3,3,2,2,1,1,3,1
"48215",43,14,14,32,22,21,14,22
"48217",3,2,2,1,0,0,2,0
"48219",3,2,2,2,2,2,2,2
"48223",3,3,2,NA,NA,NA,3,NA
"48231",1,0,0,4,4,4,0,4
"48233",1,1,1,8,8,8,1,8
"48235",1,1,1,6,6,6,1,6
"48239",6,6,6,19,19,19,6,19
"48245",25,19,3,128,126,28,19,126
"48251",3,3,3,8,8,7,3,8
"48253",5,3,0,NA,NA,NA,3,NA
"48255",2,2,2,NA,NA,NA,2,NA
"48257",4,4,4,4,4,4,4,4
"48263",2,2,2,3,3,3,2,3
"48265",2,1,1,2,2,2,1,2
"48273",7,0,0,3,1,1,0,1
"48275",2,2,2,NA,NA,NA,2,NA
"48277",3,3,3,NA,NA,NA,3,NA
"48281",1,1,1,3,3,3,1,3
"48287",1,0,0,4,4,4,0,4
"48291",10,3,3,6,6,6,3,6
"48293",1,1,1,NA,NA,NA,1,NA
"48297",1,1,1,NA,NA,NA,1,NA
"48299",1,1,1,2,1,1,1,1
"48303",47,8,7,30,18,17,8,18
"48305",2,0,0,NA,NA,NA,0,NA
"48309",10,3,3,7,4,3,3,4
"48317",5,5,2,4,0,0,5,0
"48321",1,1,1,1,1,1,1,1
"48323",1,1,1,NA,NA,NA,1,NA
"48325",4,4,4,1,1,1,4,1
"48329",2,2,1,10,10,8,2,10
"48331",1,1,1,NA,NA,NA,1,NA
"48335",2,1,1,NA,NA,NA,1,NA
"48337",2,2,2,4,4,4,2,4
"48339",67,56,56,207,198,198,56,198
"48347",1,1,1,2,2,2,1,2
"48351",1,1,1,2,2,2,1,2
"48355",22,6,5,31,7,7,6,7
"48357",2,2,2,NA,NA,NA,2,NA
"48361",2,2,2,NA,NA,NA,2,NA
"48363",1,1,1,1,1,1,1,1
"48367",5,5,5,6,6,6,5,6
"48373",1,0,0,NA,NA,NA,0,NA
"48377",2,0,0,1,0,0,0,0
"48381",6,0,0,25,25,25,0,25
"48393",2,2,2,1,1,0,2,1
"48397",2,2,2,10,10,10,2,10
"48415",2,2,2,3,3,3,2,3
"48417",1,0,0,NA,NA,NA,0,NA
"48423",13,9,9,12,8,8,9,8
"48439",253,219,214,673,647,630,219,647
"48441",2,0,0,11,10,9,0,10
"48445",2,2,2,3,3,3,2,3
"48449",6,6,6,2,2,2,6,2
"48451",7,5,2,10,9,9,5,9
"48453",525,470,458,1932,1909,1880,470,1909
"48459",2,2,2,NA,NA,NA,2,NA
"48463",1,0,0,NA,NA,NA,0,NA
"48469",6,6,6,13,13,13,6,13
"48471",9,0,0,3,0,0,0,0
"48473",37,35,35,79,77,75,35,77
"48479",7,2,0,8,6,5,2,6
"48481",1,1,1,2,2,2,1,2
"48485",11,10,8,8,5,5,10,5
"48491",467,465,465,1101,1100,1096,465,1100
"48495",2,2,2,NA,NA,NA,2,NA
"48497",2,2,2,6,6,6,2,6
"48499",2,2,2,NA,NA,NA,2,NA
"48501",2,0,0,NA,NA,NA,0,NA
"49005",13,0,0,8,6,4,0,6
"49011",19,2,1,13,11,10,2,11
"49021",2,1,1,1,1,1,1,1
"49029",1,1,1,NA,NA,NA,1,NA
"49035",178,109,94,355,321,302,109,321
"49043",2,2,2,7,7,7,2,7
"49045",6,0,0,2,0,0,0,0
"49049",81,69,69,167,160,151,69,160
"49051",10,5,5,36,29,28,5,29
"49053",4,1,1,8,2,2,1,2
"49057",5,4,4,8,6,6,4,6
"50001",24,24,24,11,0,0,24,0
"50003",2,0,0,NA,NA,NA,0,NA
"50007",27,9,9,59,54,54,9,54
"50011",2,1,1,NA,NA,NA,1,NA
"50017",1,0,0,NA,NA,NA,0,NA
"50023",4,3,3,4,4,4,3,4
"50025",3,3,3,3,3,3,3,3
"50027",2,1,1,4,4,4,1,4
"51001",1,0,0,NA,NA,NA,0,NA
"51003",111,13,12,97,36,35,13,36
"51011",2,2,2,4,4,4,2,4
"51013",85,76,76,292,286,276,76,286
"51015",7,5,4,5,5,5,5,5
"51019",8,4,2,10,10,10,4,10
"51023",5,5,5,14,14,14,5,14
"51031",9,5,3,14,14,14,5,14
"51036",1,1,1,7,7,7,1,7
"51041",12,9,9,35,35,34,9,35
"51043",1,1,1,2,2,2,1,2
"51047",4,4,4,6,4,4,4,4
"51053",1,1,1,NA,NA,NA,1,NA
"51059",1421,1391,1380,11497,11484,11455,1391,11484
"51061",1,1,1,5,2,1,1,2
"51067",1,0,0,2,1,1,0,1
"51069",1,1,1,7,7,7,1,7
"51075",127,127,112,131,131,115,127,131
"51083",1,1,0,NA,NA,NA,1,NA
"51085",18,16,16,116,115,115,16,115
"51087",225,225,210,434,431,413,225,431
"51091",1,0,0,NA,NA,NA,0,NA
"51093",2,1,1,3,3,3,1,3
"51107",464,464,463,3361,3358,3355,464,3358
"51113",2,2,2,6,4,4,2,4
"51121",45,4,4,16,8,8,4,8
"51131",1,0,0,NA,NA,NA,0,NA
"51137",1,1,1,5,3,3,1,3
"51143",4,3,2,10,9,8,3,9
"51145",5,5,5,9,9,9,5,9
"51147",4,0,0,NA,NA,NA,0,NA
"51149",1,1,1,3,3,3,1,3
"51153",19,19,19,99,96,96,19,96
"51157",1,1,1,2,2,2,1,2
"51161",11,9,9,22,20,19,9,20
"51163",5,0,0,NA,NA,NA,0,NA
"51165",3,0,0,3,3,2,0,3
"51175",1,0,0,1,1,1,0,1
"51177",4,2,2,2,2,2,2,2
"51181",7,7,7,33,33,33,7,33
"51183",6,6,6,31,31,31,6,31
"51185",2,2,2,NA,NA,NA,2,NA
"51187",1,1,1,2,2,2,1,2
"51191",1,0,0,2,1,1,0,1
"51197",1,1,1,1,1,1,1,1
"51510",21,21,21,81,81,76,21,81
"51530",1,0,0,NA,NA,NA,0,NA
"51540",45,13,12,86,35,34,13,35
"51550",8,4,4,35,35,35,4,35
"51590",3,2,2,6,5,5,2,5
"51600",170,146,146,1283,1278,1277,146,1278
"51610",16,16,14,5616,5614,5612,16,5614
"51620",1,0,0,1,1,1,0,1
"51630",4,2,2,2,2,2,2,2
"51650",15,11,7,3,3,3,11,3
"51660",12,0,0,6,2,1,0,2
"51678",4,0,0,NA,NA,NA,0,NA
"51680",12,5,3,14,14,14,5,14
"51683",1,1,1,22,22,22,1,22
"51685",1,1,1,23,23,23,1,23
"51700",21,17,13,22,17,17,17,17
"51710",20,9,8,20,12,11,9,12
"51730",1,1,1,3,3,3,1,3
"51740",2,2,2,33,33,33,2,33
"51750",3,0,0,1,1,1,0,1
"51760",101,52,44,102,94,94,52,94
"51770",14,12,12,24,22,21,12,22
"51775",5,4,4,6,5,4,4,5
"51790",3,3,3,NA,NA,NA,3,NA
"51800",4,4,4,37,37,37,4,37
"51810",10,6,6,19,18,16,6,18
"51820",1,1,1,3,3,3,1,3
"51830",15,1,1,10,5,5,1,5
"53005",55,3,2,20,3,1,3,3
"53007",5,5,1,2,2,0,5,2
"53009",2,1,1,NA,NA,NA,1,NA
"53011",27,27,15,34,33,30,27,33
"53013",1,1,1,2,0,0,1,0
"53017",1,0,0,NA,NA,NA,0,NA
"53021",4,3,0,3,2,2,3,2
"53023",1,1,1,4,0,0,1,0
"53025",1,0,0,2,1,1,0,1
"53027",1,0,0,NA,NA,NA,0,NA
"53031",1,1,1,NA,NA,NA,1,NA
"53033",4933,4774,4760,3530,3475,3452,4774,3475
"53035",2,1,0,12,12,12,1,12
"53037",4,0,0,3,1,1,0,1
"53039",2,2,1,1,1,1,2,1
"53043",8,0,0,NA,NA,NA,0,NA
"53045",2,2,2,1,0,0,2,0
"53047",2,2,2,1,1,1,2,1
"53053",78,52,41,93,74,63,52,74
"53057",1,0,0,1,1,1,0,1
"53059",1,1,1,2,2,2,1,2
"53061",43,42,39,180,179,175,42,179
"53063",23,10,7,21,21,19,10,21
"53067",8,7,7,255,254,253,7,254
"53071",4,0,0,1,1,1,0,1
"53073",10,2,1,8,6,5,2,6
"53075",37,18,4,19,10,1,18,10
"53077",12,10,6,13,10,4,10,10
"54001",1,1,1,1,0,0,1,0
"54009",3,1,1,NA,NA,NA,1,NA
"54011",30,1,1,1,0,0,1,0
"54029",1,0,0,NA,NA,NA,0,NA
"54033",3,3,2,2,2,2,3,2
"54035",1,1,1,1,1,1,1,1
"54039",27,21,18,43,43,41,21,43
"54049",3,3,2,2,2,2,3,2
"54051",2,1,1,NA,NA,NA,1,NA
"54061",26,7,6,16,11,11,7,11
"54069",2,1,1,NA,NA,NA,1,NA
"54079",1,1,1,1,1,1,1,1
"54091",2,2,1,2,2,2,2,2
"54099",24,2,2,3,2,2,2,2
"54107",2,2,2,1,1,1,2,1
"55001",1,1,1,NA,NA,NA,1,NA
"55003",1,0,0,NA,NA,NA,0,NA
"55007",1,0,0,NA,NA,NA,0,NA
"55009",17,8,5,15,12,12,8,12
"55013",2,0,0,NA,NA,NA,0,NA
"55017",1,1,1,NA,NA,NA,1,NA
"55019",17,16,1,18,17,2,16,17
"55025",220,151,148,179,157,152,151,157
"55027",3,3,3,6,6,6,3,6
"55031",2,1,1,1,1,1,1,1
"55033",4,1,1,5,3,3,1,3
"55035",7,1,1,1,1,1,1,1
"55039",6,5,4,3,3,3,5,3
"55043",6,1,1,1,0,0,1,0
"55047",1,0,0,1,1,1,0,1
"55049",7,2,2,4,3,3,2,3
"55055",5,1,1,5,3,3,1,3
"55059",4,4,4,13,11,11,4,11
"55063",5,0,0,4,4,4,0,4
"55065",5,0,0,1,0,0,0,0
"55069",2,1,1,NA,NA,NA,1,NA
"55071",2,1,1,1,1,1,1,1
"55073",22,22,4,21,20,5,22,20
"55075",2,1,1,12,12,12,1,12
"55079",240,198,184,444,416,406,198,416
"55083",2,2,2,16,16,16,2,16
"55085",1,0,0,NA,NA,NA,0,NA
"55087",9,7,7,15,13,13,7,13
"55089",5,4,4,21,21,21,4,21
"55093",4,2,2,1,1,1,2,1
"55095",2,0,0,3,3,3,0,3
"55097",7,2,2,5,1,1,2,1
"55101",6,6,4,39,39,39,6,39
"55103",1,1,1,3,3,3,1,3
"55105",27,23,22,20,17,17,23,17
"55109",9,4,4,9,8,8,4,8
"55111",1,1,1,2,2,2,1,2
"55115",2,2,2,5,5,5,2,5
"55117",8,7,7,8,8,8,7,8
"55127",5,1,1,6,4,4,1,4
"55131",5,5,5,9,9,9,5,9
"55133",140,140,124,1015,1015,993,140,1015
"55135",1,1,1,2,2,2,1,2
"55137",1,1,1,2,2,2,1,2
"55139",8,7,7,18,17,17,7,17
"55141",18,18,3,21,20,5,18,20
"56001",20,0,0,2,0,0,0,0
"56005",2,2,0,NA,NA,NA,2,NA
"56015",1,0,0,NA,NA,NA,0,NA
"56021",7,7,7,8,8,8,7,8
"56025",2,0,0,1,1,0,0,1
"56039",1,1,1,16,16,16,1,16
"66010",42,39,33,13,12,12,39,12
"72025",1,1,1,2,2,2,1,2
"72031",1,0,0,1,1,1,0,1
"72041",1,1,1,NA,NA,NA,1,NA
"72063",3,1,1,NA,NA,NA,1,NA
"72069",1,1,1,NA,NA,NA,1,NA
"72077",2,0,0,NA,NA,NA,0,NA
"72097",2,0,0,NA,NA,NA,0,NA
"72113",2,2,2,3,1,1,2,1
"72127",15,10,10,9,9,9,10,9
"72129",3,1,1,NA,NA,NA,1,NA
"72139",1,0,0,3,3,3,0,3
"78030",6,4,4,14,12,5,4,12
NA,559,409,355,NA,NA,NA,409,NA
"01001",NA,NA,NA,2,2,2,NA,2
"01005",NA,NA,NA,2,2,2,NA,2
"01031",NA,NA,NA,13,13,13,NA,13
"01035",NA,NA,NA,1,1,1,NA,1
"01039",NA,NA,NA,1,1,1,NA,1
"01045",NA,NA,NA,9,9,9,NA,9
"01047",NA,NA,NA,1,1,1,NA,1
"01071",NA,NA,NA,1,1,1,NA,1
"01075",NA,NA,NA,1,1,1,NA,1
"01085",NA,NA,NA,1,1,1,NA,1
"01091",NA,NA,NA,6,6,6,NA,6
"01095",NA,NA,NA,1,1,1,NA,1
"01105",NA,NA,NA,1,1,1,NA,1
"01107",NA,NA,NA,1,1,1,NA,1
"01129",NA,NA,NA,4,4,4,NA,4
"01131",NA,NA,NA,6,6,6,NA,6
"02110",NA,NA,NA,1,0,0,NA,0
"02170",NA,NA,NA,1,1,1,NA,1
"02290",NA,NA,NA,1,1,1,NA,1
"04007",NA,NA,NA,2,2,2,NA,2
"04012",NA,NA,NA,1,0,0,NA,0
"05033",NA,NA,NA,1,1,1,NA,1
"05035",NA,NA,NA,1,1,1,NA,1
"05047",NA,NA,NA,1,1,1,NA,1
"05051",NA,NA,NA,1,0,0,NA,0
"05063",NA,NA,NA,1,1,0,NA,1
"05071",NA,NA,NA,1,0,0,NA,0
"05077",NA,NA,NA,1,0,0,NA,0
"05095",NA,NA,NA,1,0,0,NA,0
"05097",NA,NA,NA,1,1,1,NA,1
"05107",NA,NA,NA,1,0,0,NA,0
"05127",NA,NA,NA,1,1,1,NA,1
"06005",NA,NA,NA,1,1,1,NA,1
"06049",NA,NA,NA,1,1,0,NA,1
"08015",NA,NA,NA,2,2,2,NA,2
"08017",NA,NA,NA,9,0,0,NA,0
"08019",NA,NA,NA,1,1,1,NA,1
"08055",NA,NA,NA,1,1,1,NA,1
"08071",NA,NA,NA,1,1,1,NA,1
"08085",NA,NA,NA,1,1,1,NA,1
"08093",NA,NA,NA,1,1,1,NA,1
"08125",NA,NA,NA,11,11,11,NA,11
"12005",NA,NA,NA,7,7,3,NA,7
"12039",NA,NA,NA,1,1,1,NA,1
"12063",NA,NA,NA,2,1,0,NA,1
"12107",NA,NA,NA,3,3,2,NA,3
"12123",NA,NA,NA,1,1,1,NA,1
"12133",NA,NA,NA,1,1,0,NA,1
"13001",NA,NA,NA,1,1,1,NA,1
"13011",NA,NA,NA,1,1,1,NA,1
"13035",NA,NA,NA,1,1,1,NA,1
"13047",NA,NA,NA,1,1,1,NA,1
"13085",NA,NA,NA,2,2,1,NA,2
"13101",NA,NA,NA,1,0,0,NA,0
"13111",NA,NA,NA,3,2,0,NA,2
"13131",NA,NA,NA,1,0,0,NA,0
"13137",NA,NA,NA,1,1,1,NA,1
"13145",NA,NA,NA,5,5,5,NA,5
"13159",NA,NA,NA,2,2,0,NA,2
"13171",NA,NA,NA,1,1,1,NA,1
"13191",NA,NA,NA,2,2,2,NA,2
"13227",NA,NA,NA,3,3,3,NA,3
"13231",NA,NA,NA,1,1,1,NA,1
"13233",NA,NA,NA,1,1,1,NA,1
"13241",NA,NA,NA,1,0,0,NA,0
"13257",NA,NA,NA,2,2,2,NA,2
"13291",NA,NA,NA,3,2,0,NA,2
"13295",NA,NA,NA,1,1,1,NA,1
"16043",NA,NA,NA,1,1,1,NA,1
"16049",NA,NA,NA,1,0,0,NA,0
"16065",NA,NA,NA,1,1,1,NA,1
"16083",NA,NA,NA,2,1,1,NA,1
"17021",NA,NA,NA,1,0,0,NA,0
"17035",NA,NA,NA,4,4,4,NA,4
"17101",NA,NA,NA,1,1,1,NA,1
"17121",NA,NA,NA,1,1,1,NA,1
"17135",NA,NA,NA,1,0,0,NA,0
"17173",NA,NA,NA,1,0,0,NA,0
"17177",NA,NA,NA,4,4,4,NA,4
"18001",NA,NA,NA,1,1,1,NA,1
"18037",NA,NA,NA,3,3,3,NA,3
"18041",NA,NA,NA,1,1,1,NA,1
"18043",NA,NA,NA,2,2,2,NA,2
"18045",NA,NA,NA,1,1,1,NA,1
"18047",NA,NA,NA,4,4,3,NA,4
"18049",NA,NA,NA,1,1,1,NA,1
"18053",NA,NA,NA,7,5,4,NA,5
"18059",NA,NA,NA,5,5,5,NA,5
"18067",NA,NA,NA,5,5,5,NA,5
"18073",NA,NA,NA,1,1,1,NA,1
"18079",NA,NA,NA,6,6,6,NA,6
"18103",NA,NA,NA,1,1,1,NA,1
"18107",NA,NA,NA,1,1,1,NA,1
"18139",NA,NA,NA,3,3,3,NA,3
"18147",NA,NA,NA,1,1,1,NA,1
"18161",NA,NA,NA,1,1,1,NA,1
"18179",NA,NA,NA,3,1,0,NA,1
"19035",NA,NA,NA,2,2,2,NA,2
"19037",NA,NA,NA,1,1,1,NA,1
"19043",NA,NA,NA,1,1,1,NA,1
"19067",NA,NA,NA,1,1,1,NA,1
"19069",NA,NA,NA,6,6,6,NA,6
"19077",NA,NA,NA,1,1,1,NA,1
"19079",NA,NA,NA,1,1,1,NA,1
"19083",NA,NA,NA,4,4,4,NA,4
"19093",NA,NA,NA,2,2,2,NA,2
"19095",NA,NA,NA,2,2,2,NA,2
"19107",NA,NA,NA,1,1,1,NA,1
"19121",NA,NA,NA,1,1,1,NA,1
"19127",NA,NA,NA,2,2,2,NA,2
"19135",NA,NA,NA,1,0,0,NA,0
"19171",NA,NA,NA,2,2,2,NA,2
"19187",NA,NA,NA,3,3,3,NA,3
"19197",NA,NA,NA,1,1,1,NA,1
"20001",NA,NA,NA,2,0,0,NA,0
"20003",NA,NA,NA,2,0,0,NA,0
"20011",NA,NA,NA,2,2,2,NA,2
"20029",NA,NA,NA,1,0,0,NA,0
"20031",NA,NA,NA,1,1,0,NA,1
"20043",NA,NA,NA,1,1,1,NA,1
"20047",NA,NA,NA,1,1,1,NA,1
"20079",NA,NA,NA,2,2,2,NA,2
"20085",NA,NA,NA,2,2,2,NA,2
"20087",NA,NA,NA,2,2,2,NA,2
"20097",NA,NA,NA,1,1,1,NA,1
"20113",NA,NA,NA,1,1,1,NA,1
"20179",NA,NA,NA,1,1,0,NA,1
"20197",NA,NA,NA,12,12,12,NA,12
"20207",NA,NA,NA,3,1,0,NA,1
"21001",NA,NA,NA,1,0,0,NA,0
"21041",NA,NA,NA,4,4,4,NA,4
"21045",NA,NA,NA,1,0,0,NA,0
"21047",NA,NA,NA,2,2,2,NA,2
"21071",NA,NA,NA,2,2,2,NA,2
"21075",NA,NA,NA,1,1,0,NA,1
"21077",NA,NA,NA,4,4,4,NA,4
"21087",NA,NA,NA,2,1,1,NA,1
"21095",NA,NA,NA,2,0,0,NA,0
"21105",NA,NA,NA,2,2,1,NA,2
"21123",NA,NA,NA,2,1,1,NA,1
"21135",NA,NA,NA,1,1,1,NA,1
"21145",NA,NA,NA,3,3,3,NA,3
"21155",NA,NA,NA,2,1,1,NA,1
"21157",NA,NA,NA,2,2,2,NA,2
"21161",NA,NA,NA,1,1,1,NA,1
"21179",NA,NA,NA,1,1,1,NA,1
"21217",NA,NA,NA,3,1,1,NA,1
"21219",NA,NA,NA,3,3,3,NA,3
"21225",NA,NA,NA,1,0,0,NA,0
"21233",NA,NA,NA,1,0,0,NA,0
"22001",NA,NA,NA,2,2,1,NA,2
"22009",NA,NA,NA,1,0,0,NA,0
"22043",NA,NA,NA,1,0,0,NA,0
"22045",NA,NA,NA,2,2,0,NA,2
"22057",NA,NA,NA,6,5,5,NA,5
"22101",NA,NA,NA,1,1,1,NA,1
"22113",NA,NA,NA,3,3,1,NA,3
"23007",NA,NA,NA,1,1,1,NA,1
"23013",NA,NA,NA,1,1,1,NA,1
"23017",NA,NA,NA,2,2,1,NA,2
"23029",NA,NA,NA,1,1,1,NA,1
"24043",NA,NA,NA,3,3,3,NA,3
"25019",NA,NA,NA,1,1,1,NA,1
"26009",NA,NA,NA,2,2,2,NA,2
"26027",NA,NA,NA,2,2,2,NA,2
"26029",NA,NA,NA,2,2,2,NA,2
"26031",NA,NA,NA,1,1,1,NA,1
"26035",NA,NA,NA,2,2,2,NA,2
"26043",NA,NA,NA,1,1,1,NA,1
"26053",NA,NA,NA,1,1,1,NA,1
"26063",NA,NA,NA,3,3,3,NA,3
"26105",NA,NA,NA,3,3,3,NA,3
"26129",NA,NA,NA,1,1,1,NA,1
"26149",NA,NA,NA,2,2,2,NA,2
"27005",NA,NA,NA,1,1,1,NA,1
"27009",NA,NA,NA,3,3,3,NA,3
"27023",NA,NA,NA,2,2,2,NA,2
"27039",NA,NA,NA,2,2,2,NA,2
"27061",NA,NA,NA,1,1,1,NA,1
"27069",NA,NA,NA,7,0,0,NA,0
"27079",NA,NA,NA,4,1,1,NA,1
"27081",NA,NA,NA,2,2,2,NA,2
"27091",NA,NA,NA,3,3,3,NA,3
"27111",NA,NA,NA,1,1,1,NA,1
"27117",NA,NA,NA,2,2,2,NA,2
"27133",NA,NA,NA,2,2,2,NA,2
"27135",NA,NA,NA,7,0,0,NA,0
"27143",NA,NA,NA,1,1,1,NA,1
"27167",NA,NA,NA,1,1,1,NA,1
"27173",NA,NA,NA,2,2,2,NA,2
"28009",NA,NA,NA,1,0,0,NA,0
"28015",NA,NA,NA,1,0,0,NA,0
"28017",NA,NA,NA,1,1,1,NA,1
"28027",NA,NA,NA,1,0,0,NA,0
"28091",NA,NA,NA,1,1,1,NA,1
"28095",NA,NA,NA,1,1,1,NA,1
"28109",NA,NA,NA,1,1,1,NA,1
"28131",NA,NA,NA,1,1,1,NA,1
"28137",NA,NA,NA,1,0,0,NA,0
"28151",NA,NA,NA,1,0,0,NA,0
"29023",NA,NA,NA,3,3,3,NA,3
"29029",NA,NA,NA,1,1,1,NA,1
"29035",NA,NA,NA,3,3,3,NA,3
"29043",NA,NA,NA,1,1,0,NA,1
"29059",NA,NA,NA,1,1,1,NA,1
"29073",NA,NA,NA,2,2,2,NA,2
"29105",NA,NA,NA,1,1,1,NA,1
"29113",NA,NA,NA,2,2,2,NA,2
"29129",NA,NA,NA,28,28,28,NA,28
"29131",NA,NA,NA,1,1,1,NA,1
"29139",NA,NA,NA,2,2,2,NA,2
"29141",NA,NA,NA,1,1,1,NA,1
"29151",NA,NA,NA,3,3,3,NA,3
"29213",NA,NA,NA,1,1,0,NA,1
"29219",NA,NA,NA,4,4,4,NA,4
"30009",NA,NA,NA,1,1,1,NA,1
"30015",NA,NA,NA,1,0,0,NA,0
"30021",NA,NA,NA,1,1,1,NA,1
"30049",NA,NA,NA,1,1,0,NA,1
"30081",NA,NA,NA,7,7,7,NA,7
"31029",NA,NA,NA,1,0,0,NA,0
"31035",NA,NA,NA,1,1,1,NA,1
"31081",NA,NA,NA,1,1,0,NA,1
"31185",NA,NA,NA,1,1,0,NA,1
"32013",NA,NA,NA,1,0,0,NA,0
"32019",NA,NA,NA,2,1,1,NA,1
"32027",NA,NA,NA,1,0,0,NA,0
"32033",NA,NA,NA,1,1,1,NA,1
"35007",NA,NA,NA,1,1,1,NA,1
"35041",NA,NA,NA,3,2,1,NA,2
"35045",NA,NA,NA,3,2,2,NA,2
"35047",NA,NA,NA,2,0,0,NA,0
"35055",NA,NA,NA,2,2,2,NA,2
"36021",NA,NA,NA,5,5,5,NA,5
"36039",NA,NA,NA,1,1,1,NA,1
"36057",NA,NA,NA,1,1,1,NA,1
"36113",NA,NA,NA,3,3,2,NA,3
"37031",NA,NA,NA,1,0,0,NA,0
"37039",NA,NA,NA,1,0,0,NA,0
"37047",NA,NA,NA,1,1,1,NA,1
"37049",NA,NA,NA,1,1,1,NA,1
"37053",NA,NA,NA,1,1,1,NA,1
"37055",NA,NA,NA,2,2,2,NA,2
"37061",NA,NA,NA,2,2,2,NA,2
"37069",NA,NA,NA,7,7,7,NA,7
"37083",NA,NA,NA,1,0,0,NA,0
"37109",NA,NA,NA,6,6,6,NA,6
"37111",NA,NA,NA,3,2,2,NA,2
"37113",NA,NA,NA,1,0,0,NA,0
"37137",NA,NA,NA,1,1,1,NA,1
"37157",NA,NA,NA,2,2,2,NA,2
"37163",NA,NA,NA,3,3,3,NA,3
"37171",NA,NA,NA,2,2,2,NA,2
"37187",NA,NA,NA,1,1,1,NA,1
"37191",NA,NA,NA,1,1,1,NA,1
"37193",NA,NA,NA,5,4,4,NA,4
"38027",NA,NA,NA,1,1,0,NA,1
"38031",NA,NA,NA,1,1,0,NA,1
"38053",NA,NA,NA,1,1,0,NA,1
"38059",NA,NA,NA,1,1,1,NA,1
"38061",NA,NA,NA,1,0,0,NA,0
"38103",NA,NA,NA,2,1,0,NA,1
"39019",NA,NA,NA,2,2,2,NA,2
"39021",NA,NA,NA,2,2,2,NA,2
"39059",NA,NA,NA,1,1,1,NA,1
"39073",NA,NA,NA,1,1,1,NA,1
"39087",NA,NA,NA,1,1,1,NA,1
"39125",NA,NA,NA,1,1,1,NA,1
"39129",NA,NA,NA,1,1,1,NA,1
"39131",NA,NA,NA,1,1,1,NA,1
"39137",NA,NA,NA,1,1,1,NA,1
"39141",NA,NA,NA,1,1,1,NA,1
"39161",NA,NA,NA,1,1,1,NA,1
"40033",NA,NA,NA,1,1,0,NA,1
"40063",NA,NA,NA,4,4,4,NA,4
"40067",NA,NA,NA,1,1,0,NA,1
"40073",NA,NA,NA,3,3,3,NA,3
"40077",NA,NA,NA,1,1,0,NA,1
"40103",NA,NA,NA,2,2,2,NA,2
"40107",NA,NA,NA,2,2,2,NA,2
"40111",NA,NA,NA,1,1,1,NA,1
"40125",NA,NA,NA,4,3,3,NA,3
"40133",NA,NA,NA,8,7,7,NA,7
"41009",NA,NA,NA,1,1,1,NA,1
"41013",NA,NA,NA,3,3,3,NA,3
"41017",NA,NA,NA,6,6,6,NA,6
"41061",NA,NA,NA,1,0,0,NA,0
"42051",NA,NA,NA,2,2,2,NA,2
"42057",NA,NA,NA,1,1,1,NA,1
"42109",NA,NA,NA,2,0,0,NA,0
"45005",NA,NA,NA,1,0,0,NA,0
"45021",NA,NA,NA,1,1,1,NA,1
"45033",NA,NA,NA,2,2,2,NA,2
"46081",NA,NA,NA,1,1,1,NA,1
"46091",NA,NA,NA,1,1,1,NA,1
"46117",NA,NA,NA,1,1,1,NA,1
"46127",NA,NA,NA,2,2,2,NA,2
"46129",NA,NA,NA,1,1,1,NA,1
"47009",NA,NA,NA,2,2,2,NA,2
"47057",NA,NA,NA,2,2,2,NA,2
"47115",NA,NA,NA,1,1,1,NA,1
"47147",NA,NA,NA,2,2,2,NA,2
"47155",NA,NA,NA,5,5,5,NA,5
"48005",NA,NA,NA,4,4,4,NA,4
"48015",NA,NA,NA,3,2,2,NA,2
"48075",NA,NA,NA,1,0,0,NA,0
"48077",NA,NA,NA,1,0,0,NA,0
"48089",NA,NA,NA,3,3,3,NA,3
"48105",NA,NA,NA,1,1,1,NA,1
"48109",NA,NA,NA,1,0,0,NA,0
"48117",NA,NA,NA,1,1,1,NA,1
"48149",NA,NA,NA,2,2,2,NA,2
"48151",NA,NA,NA,4,4,4,NA,4
"48179",NA,NA,NA,1,1,0,NA,1
"48191",NA,NA,NA,1,0,0,NA,0
"48199",NA,NA,NA,1,1,1,NA,1
"48221",NA,NA,NA,2,2,2,NA,2
"48237",NA,NA,NA,1,0,0,NA,0
"48241",NA,NA,NA,3,3,3,NA,3
"48259",NA,NA,NA,2,2,2,NA,2
"48341",NA,NA,NA,1,1,1,NA,1
"48349",NA,NA,NA,5,5,4,NA,5
"48353",NA,NA,NA,4,4,4,NA,4
"48375",NA,NA,NA,26,26,26,NA,26
"48395",NA,NA,NA,2,2,2,NA,2
"48401",NA,NA,NA,1,1,1,NA,1
"48405",NA,NA,NA,3,0,0,NA,0
"48409",NA,NA,NA,2,1,1,NA,1
"48419",NA,NA,NA,3,0,0,NA,0
"48429",NA,NA,NA,1,1,1,NA,1
"48457",NA,NA,NA,1,1,1,NA,1
"48477",NA,NA,NA,1,0,0,NA,0
"48487",NA,NA,NA,1,0,0,NA,0
"48493",NA,NA,NA,5,5,3,NA,5
"48503",NA,NA,NA,1,1,1,NA,1
"49013",NA,NA,NA,2,0,0,NA,0
"49033",NA,NA,NA,3,0,0,NA,0
"50005",NA,NA,NA,1,0,0,NA,0
"50015",NA,NA,NA,1,1,1,NA,1
"51009",NA,NA,NA,1,1,1,NA,1
"51033",NA,NA,NA,2,2,2,NA,2
"51063",NA,NA,NA,1,1,1,NA,1
"51089",NA,NA,NA,1,1,1,NA,1
"51095",NA,NA,NA,5,5,5,NA,5
"51101",NA,NA,NA,1,1,1,NA,1
"51125",NA,NA,NA,2,2,2,NA,2
"51127",NA,NA,NA,1,1,1,NA,1
"51139",NA,NA,NA,1,1,1,NA,1
"51155",NA,NA,NA,1,1,1,NA,1
"51169",NA,NA,NA,2,1,1,NA,1
"51179",NA,NA,NA,3,2,1,NA,2
"51195",NA,NA,NA,2,2,2,NA,2
"51199",NA,NA,NA,10,10,10,NA,10
"51520",NA,NA,NA,2,1,1,NA,1
"51570",NA,NA,NA,2,2,1,NA,2
"51690",NA,NA,NA,1,1,1,NA,1
"51720",NA,NA,NA,1,1,1,NA,1
"51840",NA,NA,NA,1,1,1,NA,1
"53001",NA,NA,NA,1,0,0,NA,0
"53003",NA,NA,NA,2,0,0,NA,0
"53015",NA,NA,NA,2,2,2,NA,2
"53029",NA,NA,NA,1,1,1,NA,1
"53041",NA,NA,NA,1,1,1,NA,1
"53055",NA,NA,NA,1,1,1,NA,1
"54003",NA,NA,NA,1,1,1,NA,1
"54019",NA,NA,NA,4,3,3,NA,3
"54037",NA,NA,NA,3,2,2,NA,2
"54041",NA,NA,NA,1,0,0,NA,0
"54053",NA,NA,NA,1,1,1,NA,1
"54055",NA,NA,NA,1,1,1,NA,1
"54065",NA,NA,NA,1,1,1,NA,1
"54081",NA,NA,NA,4,3,3,NA,3
"54087",NA,NA,NA,1,1,1,NA,1
"54097",NA,NA,NA,1,0,0,NA,0
"55011",NA,NA,NA,1,0,0,NA,0
"55021",NA,NA,NA,1,1,1,NA,1
"55029",NA,NA,NA,1,1,1,NA,1
"55053",NA,NA,NA,1,1,1,NA,1
"55061",NA,NA,NA,1,1,1,NA,1
"55077",NA,NA,NA,1,1,1,NA,1
"55081",NA,NA,NA,2,2,2,NA,2
"55091",NA,NA,NA,1,0,0,NA,0
"55121",NA,NA,NA,1,1,1,NA,1
"55123",NA,NA,NA,2,2,2,NA,2
"56027",NA,NA,NA,1,0,0,NA,0
"56037",NA,NA,NA,1,0,0,NA,0
"56041",NA,NA,NA,1,0,0,NA,0
"72021",NA,NA,NA,4,4,4,NA,4
"72051",NA,NA,NA,1,1,1,NA,1
"72053",NA,NA,NA,2,2,2,NA,2
"72061",NA,NA,NA,8,8,8,NA,8
"72135",NA,NA,NA,1,1,1,NA,1
"72137",NA,NA,NA,1,1,1,NA,1
"72143",NA,NA,NA,1,1,1,NA,1
"78010",NA,NA,NA,2,2,2,NA,2
"78020",NA,NA,NA,6,6,6,NA,6
"Unknown",NA,NA,NA,547,507,498,NA,507
