"COUNTY","initial_approval","num_petitions"
"01007",1,NA
"01013",1,2
"01017",11,50
"01019",2,1
"01025",1,NA
"01033",1,NA
"01041",1,12
"01055",2,1
"01061",11,19
"01069",11,19
"01073",26,40
"01077",1,1
"01081",17,81
"01083",1,3
"01087",8,33
"01089",10,35
"01097",7,16
"01101",17,74
"01103",2,2
"01113",1,6
"01115",1,2
"01117",7,25
"01125",3,14
"02020",5,10
"02090",1,2
"02185",1,NA
"02188",1,NA
"04001",1,NA
"04003",1,2
"04005",1,2
"04009",3,1
"04013",1580,1326
"04015",3,2
"04019",19,40
"04021",1210,51
"04023",1,3
"04025",1,2
"04027",6,6
"05003",1,NA
"05005",1,1
"05007",152,176
"05009",2,2
"05011",1,NA
"05017",1,NA
"05019",1,1
"05025",2,1
"05039",1,1
"05041",1,NA
"05043",1,NA
"05045",12,4
"05053",2,1
"05059",1,1
"05069",1,1
"05079",1,1
"05087",3,13
"05089",3,2
"05093",1,3
"05101",2,2
"05119",65,217
"05125",1,NA
"05131",7,11
"05139",2,3
"05143",3,11
"06001",1228,6116
"06007",2,3
"06013",354,2329
"06017",13,100
"06019",13,26
"06023",1,NA
"06025",3,11
"06029",24,25
"06031",3,2
"06033",1,NA
"06037",1507,5250
"06039",12,2
"06041",93,293
"06045",2,1
"06047",17,4
"06053",8,29
"06055",5,17
"06057",1,4
"06059",907,2959
"06061",17,40
"06065",37,93
"06067",116,757
"06069",1,1
"06071",95,309
"06073",781,1314
"06075",3207,3080
"06077",19,59
"06079",7,5
"06081",788,4096
"06083",43,99
"06085",6849,25055
"06087",12,27
"06089",2,2
"06095",10,51
"06097",38,91
"06099",10,10
"06101",3,5
"06103",1,1
"06107",17,10
"06109",1,NA
"06111",126,681
"06113",6,19
"06115",1,2
"08001",12,26
"08005",159,597
"08013",60,179
"08014",33,90
"08031",134,347
"08035",86,418
"08037",1,2
"08039",2,2
"08041",15,45
"08047",1,NA
"08059",69,120
"08069",16,20
"08077",7,1
"08087",3,3
"08097",2,7
"08101",4,5
"08119",1,1
"08121",1,11
"08123",21,56
"09001",205,573
"09003",376,6030
"09005",4,17
"09007",15,57
"09009",66,206
"09011",4,12
"09013",23,69
"09015",2,4
"10001",4,5
"10003",245,854
"10005",3,10
"11001",387,690
"12001",17,47
"12007",1,NA
"12009",13,189
"12011",536,669
"12015",1,NA
"12017",1,4
"12019",1,9
"12021",4,15
"12023",1,NA
"12031",113,599
"12033",1,8
"12035",1,8
"12041",1,4
"12049",2,1
"12053",1,4
"12055",2,NA
"12057",912,7121
"12061",9,7
"12065",3,33
"12069",21,98
"12071",22,41
"12073",17,94
"12075",1,5
"12081",8,20
"12083",4,3
"12085",1,19
"12086",332,1157
"12087",1,5
"12091",1,3
"12095",153,677
"12097",9,32
"12099",101,1113
"12101",19,41
"12103",102,342
"12105",24,31
"12109",4,17
"12111",4,3
"12115",15,26
"12117",64,333
"12119",3,3
"12127",8,10
"13013",2,3
"13015",3,12
"13019",1,NA
"13021",8,12
"13027",1,NA
"13045",1,5
"13051",20,15
"13057",62,373
"13059",3,5
"13063",18,69
"13067",211,652
"13073",3,1
"13077",2,6
"13087",1,NA
"13089",505,1817
"13095",2,2
"13097",1,6
"13099",1,NA
"13103",18,11
"13113",19,88
"13117",435,2728
"13119",1,5
"13121",1463,6018
"13127",1,1
"13129",1,3
"13135",363,2538
"13139",5,18
"13147",1,4
"13149",1,2
"13151",2,33
"13153",1,3
"13157",5,3
"13179",1,2
"13183",1,NA
"13185",2,NA
"13195",1,NA
"13199",4,9
"13201",1,NA
"13205",1,NA
"13213",22,10
"13215",15,17
"13217",6,21
"13219",3,5
"13223",2,5
"13245",3,4
"13247",8,30
"13253",1,NA
"13255",1,1
"13275",1,3
"13277",1,NA
"13285",4,25
"13297",2,12
"13313",24,15
"15001",2,5
"15003",31,75
"15009",2,4
"16001",116,169
"16005",6,3
"16009",1,NA
"16011",2,2
"16013",4,5
"16015",109,138
"16019",3,5
"16027",1,NA
"16039",109,138
"16047",1,1
"16051",3,3
"16053",1,2
"16055",2,1
"16057",1,1
"16079",1,NA
"17001",1,3
"17003",1,NA
"17007",2,8
"17011",1,NA
"17019",13,19
"17031",3246,8656
"17037",1,14
"17043",444,2348
"17045",10,5
"17049",12,7
"17063",3,5
"17073",1,1
"17077",10,7
"17081",6,1
"17089",67,306
"17091",1,3
"17093",33,219
"17097",210,467
"17099",2,1
"17103",1,1
"17111",16,34
"17113",53,496
"17115",8,6
"17117",1,1
"17119",2,4
"17127",1,NA
"17133",7,18
"17141",2,7
"17143",37,80
"17145",2,4
"17151",1,NA
"17157",1,NA
"17161",60,230
"17163",12,23
"17167",43,252
"17179",7,17
"17183",1,3
"17189",2,5
"17195",1,2
"17197",90,362
"17199",13,10
"17201",5,19
"17203",7,17
"18003",9,26
"18005",35,60
"18011",26,56
"18013",9,12
"18015",3,6
"18017",1,NA
"18019",1,6
"18023",1,4
"18033",2,1
"18039",5,13
"18051",1,3
"18055",11,2
"18057",49,150
"18061",1,NA
"18063",10,37
"18065",1,11
"18069",1,1
"18071",8,11
"18075",1,NA
"18077",1,2
"18081",2,6
"18085",20,43
"18087",2,1
"18089",8,16
"18091",1,10
"18095",1,4
"18097",112,597
"18099",1,2
"18105",13,8
"18113",1,2
"18119",2,1
"18127",7,15
"18131",1,3
"18135",1,NA
"18137",1,4
"18141",14,12
"18145",1,6
"18149",2,3
"18151",1,1
"18155",1,2
"18157",8,21
"18159",1,NA
"18163",10,15
"18167",1,1
"18171",4,9
"18177",3,4
"18181",5,12
"18183",1,4
"19011",3,2
"19013",3,2
"19017",3,3
"19023",3,3
"19033",3,5
"19049",34,208
"19057",8,1
"19061",1,6
"19075",2,2
"19101",2,2
"19103",14,15
"19109",3,NA
"19111",2,1
"19113",67,134
"19115",3,8
"19123",2,NA
"19125",2,NA
"19129",1,NA
"19139",3,8
"19149",3,2
"19153",77,306
"19155",2,1
"19163",2,5
"19167",3,3
"19169",4,91
"19181",1,3
"19183",1,1
"19193",2,1
"19195",3,3
"20005",1,1
"20013",1,2
"20017",1,NA
"20021",1,1
"20037",1,2
"20041",1,NA
"20045",3,9
"20057",2,NA
"20061",2,1
"20083",3,NA
"20091",128,534
"20103",1,1
"20111",1,NA
"20117",4,1
"20119",1,NA
"20131",3,1
"20143",1,2
"20149",4,1
"20155",1,NA
"20157",1,NA
"20161",1,1
"20169",1,3
"20173",15,34
"20175",1,NA
"20177",20,50
"20191",2,2
"20209",4,5
"21003",1,2
"21005",9,9
"21011",2,1
"21015",6,39
"21017",8,16
"21019",1,2
"21025",1,NA
"21029",20,77
"21031",7,4
"21037",1,3
"21043",1,1
"21049",5,2
"21051",2,NA
"21059",1,1
"21061",6,4
"21063",1,1
"21065",1,NA
"21067",26,64
"21069",1,2
"21073",9,10
"21079",1,NA
"21089",1,2
"21093",1,1
"21103",8,9
"21107",1,1
"21109",1,1
"21111",77,336
"21113",2,3
"21117",10,37
"21119",12,6
"21125",2,NA
"21129",1,NA
"21151",2,2
"21167",1,2
"21173",4,NA
"21185",5,8
"21193",11,6
"21197",1,NA
"21203",1,NA
"21205",1,1
"21209",7,17
"21211",9,13
"21213",6,9
"21215",1,NA
"21227",12,15
"21229",1,2
"21239",11,10
"22005",2,2
"22007",1,1
"22017",4,19
"22019",4,8
"22033",21,78
"22037",1,NA
"22039",1,1
"22047",1,2
"22049",2,50
"22051",10,68
"22055",10,17
"22061",2,50
"22063",1,NA
"22071",25,45
"22079",1,NA
"22089",1,1
"22093",3,6
"22095",1,NA
"22097",1,2
"22099",1,5
"22103",2,6
"22105",1,1
"22109",2,NA
"22111",2,50
"22115",2,5
"23001",2,5
"23003",5,3
"23005",20,31
"23009",27,6
"23011",4,10
"23015",1,1
"23019",3,3
"23023",1,2
"23025",2,1
"23031",3,4
"24001",2,6
"24003",108,291
"24005",114,510
"24009",1,1
"24013",9,5
"24015",1,2
"24019",2,NA
"24021",17,48
"24025",7,8
"24027",207,815
"24031",2642,8719
"24033",71,214
"24037",2,NA
"24039",1,NA
"24041",3,8
"24045",9,6
"24047",3,5
"24510",76,279
"25001",35,15
"25003",21,16
"25005",62,152
"25007",1,3
"25009",174,337
"25011",3,5
"25013",36,23
"25015",8,7
"25017",1196,3121
"25021",142,1189
"25023",53,119
"25025",1454,2924
"25027",328,1044
"26005",9,10
"26015",1,1
"26017",1,NA
"26019",1,6
"26021",25,22
"26023",1,1
"26025",10,15
"26033",5,NA
"26037",8,18
"26045",8,24
"26047",1,NA
"26049",5,12
"26055",1,6
"26059",1,NA
"26065",24,63
"26067",1,9
"26073",3,3
"26075",12,38
"26077",16,26
"26081",53,153
"26087",2,2
"26089",1,7
"26091",8,19
"26093",2,10
"26099",100,249
"26111",27,38
"26115",17,16
"26121",3,5
"26123",1,2
"26125",2548,7272
"26127",1,NA
"26139",12,23
"26145",26,19
"26147",5,2
"26151",1,1
"26157",1,NA
"26159",26,22
"26161",246,881
"26163",580,2059
"27003",78,182
"27015",2,6
"27019",4,12
"27025",4,6
"27027",1,2
"27029",1,NA
"27033",1,NA
"27037",19,93
"27049",2,2
"27053",342,691
"27063",1,NA
"27067",3,1
"27073",1,3
"27083",1,1
"27089",1,NA
"27109",150,38
"27119",2,1
"27123",133,324
"27127",3,4
"27131",1,2
"27137",4,2
"27139",4,39
"27145",5,3
"27147",1,1
"27163",13,49
"27169",2,14
"27171",1,NA
"28003",1,NA
"28011",1,NA
"28023",3,NA
"28025",5,NA
"28031",5,NA
"28033",1,2
"28035",6,1
"28043",1,NA
"28045",1,1
"28049",4,6
"28055",1,NA
"28067",7,1
"28073",5,1
"28075",3,NA
"28081",1,2
"28087",5,1
"28089",3,8
"28093",1,1
"28097",1,NA
"28105",5,NA
"28113",1,NA
"28115",1,6
"28121",3,3
"28123",1,3
"28129",1,4
"28133",1,2
"28135",1,NA
"28149",1,NA
"29003",3,1
"29007",2,5
"29009",1,NA
"29015",1,NA
"29019",7,16
"29021",3,1
"29027",7,19
"29041",1,NA
"29047",166,10
"29051",5,25
"29053",1,NA
"29055",1,NA
"29065",5,3
"29071",21,93
"29077",11,10
"29083",1,NA
"29091",1,NA
"29095",40,121
"29097",3,2
"29099",2,5
"29101",2,42
"29109",1,NA
"29115",1,NA
"29123",2,4
"29125",5,3
"29127",3,NA
"29133",1,NA
"29143",1,NA
"29145",3,1
"29147",1,NA
"29155",1,NA
"29159",2,NA
"29161",5,3
"29165",6,11
"29167",17,NA
"29169",1,NA
"29173",3,NA
"29183",4,75
"29186",3,6
"29187",2,6
"29189",275,876
"29201",1,1
"29207",2,1
"29217",1,NA
"29221",1,NA
"29510",42,88
"30003",3,5
"30007",1,NA
"30013",4,8
"30029",2,1
"30031",2,1
"30043",1,2
"30055",2,1
"30067",1,1
"30085",2,NA
"30105",2,NA
"30111",6,6
"31001",1,1
"31007",1,NA
"31011",2,NA
"31019",1,1
"31047",1,NA
"31055",179,270
"31071",1,NA
"31073",1,NA
"31079",1,NA
"31093",1,NA
"31099",2,2
"31101",1,NA
"31105",1,NA
"31109",31,38
"31119",1,2
"31121",1,NA
"31135",1,NA
"31139",1,2
"31147",1,NA
"31153",2,11
"31159",1,NA
"31167",1,2
"31169",1,2
"31175",1,NA
"32003",82,183
"32005",3,6
"32007",4,9
"32021",1,NA
"32029",4,7
"32031",13,41
"32510",1,NA
"33001",3,5
"33003",1,1
"33005",1,3
"33007",1,NA
"33009",17,16
"33011",112,295
"33013",6,13
"33015",19,60
"33017",8,7
"33019",2,1
"34001",3,6
"34003",292,1413
"34005",79,313
"34007",44,134
"34009",1,NA
"34011",2,2
"34013",288,434
"34015",3,10
"34017",1159,2798
"34019",15,89
"34021",703,4569
"34023",7168,28228
"34025",151,676
"34027",406,1418
"34029",21,43
"34031",75,309
"34033",1,1
"34035",1120,7170
"34037",20,13
"34039",3196,6241
"34041",6,18
"35001",79,228
"35005",4,7
"35009",1,9
"35013",4,3
"35015",1,NA
"35023",1,NA
"35025",1,1
"35028",38,1
"35031",12,1
"35043",39,2
"35049",6,10
"35051",1,NA
"36001",65,243
"36005",44,99
"36007",4,7
"36009",2,2
"36011",10,26
"36015",2,9
"36017",2,5
"36023",7,21
"36027",25,88
"36029",80,122
"36033",1,NA
"36035",1,1
"36037",1,4
"36043",4,4
"36045",1,3
"36047",265,730
"36049",1,3
"36051",1,6
"36055",77,469
"36059",295,920
"36061",4325,24477
"36063",6,12
"36065",5,7
"36067",34,45
"36069",7,144
"36071",11,22
"36075",1,6
"36079",11,58
"36081",252,1014
"36083",7,13
"36085",9,17
"36087",10,58
"36089",3,2
"36091",13,44
"36093",22,6
"36099",3,23
"36101",16,30
"36103",165,474
"36105",2,6
"36107",1,2
"36109",14,39
"36111",1,4
"36115",1,NA
"36117",1,13
"36119",150,360
"36121",1,1
"36123",3,20
"37001",6,8
"37003",2,3
"37013",1,3
"37015",2,1
"37017",1,2
"37019",19,37
"37021",4,11
"37023",2,9
"37025",71,177
"37033",3,6
"37035",3,10
"37037",34,143
"37045",3,2
"37051",9,5
"37057",10,17
"37059",2,7
"37063",1352,1433
"37065",9,NA
"37067",23,40
"37071",6,72
"37077",1,8
"37081",60,61
"37085",5,11
"37089",4,6
"37091",2,1
"37093",9,3
"37097",13,20
"37099",1,NA
"37101",8,23
"37105",4,11
"37117",1,3
"37119",224,549
"37123",1,2
"37127",1,10
"37129",23,43
"37135",8,17
"37141",18,29
"37145",1,NA
"37147",10,11
"37149",3,3
"37151",1,1
"37155",3,4
"37159",12,7
"37161",2,4
"37165",1,3
"37167",1,3
"37169",1,5
"37179",6,33
"37181",1,NA
"37183",1529,2194
"37195",1,11
"38009",1,NA
"38017",11,27
"38025",1,2
"38035",4,3
"38049",1,NA
"38057",1,NA
"38065",1,NA
"38067",1,1
"38069",1,NA
"38089",1,2
"38095",1,NA
"38099",1,NA
"38101",5,1
"38105",3,6
"39003",2,3
"39005",10,5
"39009",2,NA
"39011",4,2
"39017",19,70
"39023",1,5
"39025",27,21
"39027",9,23
"39031",1,1
"39035",115,339
"39037",2,6
"39041",201,1567
"39043",1,2
"39045",6,2
"39049",313,2427
"39051",1,1
"39053",1,NA
"39055",28,110
"39057",11,95
"39061",302,1557
"39063",3,3
"39065",2,11
"39075",1,1
"39077",1,NA
"39081",1,3
"39085",26,103
"39089",23,48
"39091",4,1
"39093",11,11
"39095",16,42
"39097",8,52
"39099",3,18
"39101",2,11
"39103",8,23
"39107",4,3
"39109",2,22
"39113",94,402
"39117",1,4
"39123",1,1
"39133",8,23
"39135",1,5
"39139",5,4
"39143",2,1
"39147",1,1
"39149",4,8
"39151",9,10
"39153",38,181
"39155",1,5
"39159",167,845
"39165",99,408
"39167",2,1
"39169",5,7
"39171",2,3
"39173",3,2
"40003",1,NA
"40017",4,NA
"40019",2,NA
"40021",1,NA
"40027",13,14
"40031",2,1
"40037",5,4
"40047",1,5
"40059",8,16
"40069",1,NA
"40071",1,1
"40079",2,1
"40083",2,3
"40085",1,NA
"40087",7,8
"40095",1,NA
"40109",40,57
"40113",1,NA
"40119",1,2
"40121",1,1
"40131",1,1
"40137",2,NA
"40139",6,21
"40143",31,69
"40145",1,5
"40151",1,NA
"40153",1,1
"41003",2,5
"41005",38,103
"41007",2,NA
"41019",4,NA
"41029",13,14
"41033",1,2
"41035",2,5
"41039",5,16
"41041",1,NA
"41043",3,6
"41047",11,4
"41049",1,NA
"41051",78,193
"41059",1,1
"41067",112,245
"41071",1,14
"42001",1,1
"42003",399,2325
"42007",45,1432
"42011",25,47
"42013",1,NA
"42015",2,1
"42017",215,989
"42019",12,34
"42021",4,10
"42025",1,4
"42027",2,9
"42029",362,1613
"42033",1,NA
"42039",6,8
"42041",83,165
"42043",18,20
"42045",265,380
"42049",7,11
"42055",4,8
"42063",1,1
"42065",1,1
"42069",9,24
"42071",57,33
"42073",1,1
"42075",11,7
"42077",26,78
"42079",2,6
"42081",1,NA
"42085",4,2
"42087",2,NA
"42089",3,7
"42091",224,1169
"42093",9,13
"42095",13,48
"42097",1,4
"42101",820,27159
"42103",1,5
"42107",2,3
"42111",5,6
"42113",1,NA
"42121",1,NA
"42123",1,NA
"42125",81,384
"42129",31,243
"42131",1,NA
"42133",13,148
"44001",2,NA
"44003",31,30
"44005",1,2
"44007",100,187
"45001",4,NA
"45003",5,1
"45007",18,11
"45011",1,NA
"45013",1,1
"45015",3,8
"45019",13,41
"45023",5,3
"45025",1,4
"45027",4,1
"45029",2,6
"45031",3,10
"45035",2,8
"45039",3,1
"45041",8,8
"45045",28,58
"45047",4,2
"45051",7,4
"45055",1,1
"45057",8,21
"45059",3,6
"45061",1,4
"45063",7,14
"45071",1,NA
"45073",1,2
"45075",3,NA
"45077",9,2
"45079",41,179
"45083",17,40
"45085",1,2
"45089",5,1
"45091",35,65
"46005",1,1
"46029",1,NA
"46051",5,6
"46055",1,NA
"46057",1,NA
"46065",8,33
"46083",3,2
"46099",35,11
"46109",5,7
"46111",1,1
"46119",8,33
"46121",1,NA
"46123",1,NA
"46135",1,NA
"47001",74,27
"47003",3,13
"47011",1,1
"47015",1,NA
"47019",1,NA
"47021",2,7
"47031",3,13
"47037",282,469
"47041",1,NA
"47043",2,3
"47045",1,NA
"47047",7,21
"47051",4,13
"47055",3,3
"47063",1,4
"47065",8,28
"47073",10,12
"47081",2,3
"47083",1,1
"47085",1,1
"47093",64,21
"47099",1,NA
"47101",1,NA
"47103",2,3
"47105",5,10
"47107",2,2
"47113",1,1
"47123",3,5
"47125",1,5
"47127",4,13
"47145",2,2
"47149",8,19
"47157",94,234
"47163",14,19
"47165",2,9
"47171",1,NA
"47177",1,NA
"47179",3,3
"47181",1,NA
"47183",3,NA
"47187",56,117
"47189",1,5
"48001",3,1
"48009",3,2
"48013",4,5
"48025",2,NA
"48027",2,5
"48029",105,369
"48031",1,NA
"48039",13,24
"48041",3256,4043
"48049",1,NA
"48053",2,3
"48055",2,6
"48057",21,33
"48061",4,14
"48071",3,8
"48083",1,NA
"48085",2037,11385
"48091",2,9
"48097",5,13
"48099",1,3
"48113",3189,10345
"48115",5,NA
"48119",1,1
"48121",1855,10236
"48133",1,NA
"48135",7,2
"48139",3,15
"48141",8,32
"48147",1,2
"48153",1,NA
"48157",214,1455
"48159",2,NA
"48161",1,NA
"48167",5,20
"48171",1,1
"48175",1,NA
"48177",2,NA
"48181",5,11
"48183",2,1
"48185",7,22
"48187",3,7
"48189",1,NA
"48201",1652,5282
"48203",3,1
"48207",3,NA
"48209",5,9
"48213",3,1
"48215",14,22
"48217",2,NA
"48219",2,2
"48223",3,NA
"48233",1,8
"48235",1,6
"48239",6,19
"48245",19,126
"48251",3,8
"48253",3,NA
"48255",2,NA
"48257",4,4
"48263",2,3
"48265",1,2
"48275",2,NA
"48277",3,NA
"48281",1,3
"48291",3,6
"48293",1,NA
"48297",1,NA
"48299",1,1
"48303",8,18
"48309",3,4
"48317",5,NA
"48321",1,1
"48323",1,NA
"48325",4,1
"48329",2,10
"48331",1,NA
"48335",1,NA
"48337",2,4
"48339",56,198
"48347",1,2
"48351",1,2
"48355",6,7
"48357",2,NA
"48361",2,NA
"48363",1,1
"48367",5,6
"48393",2,1
"48397",2,10
"48415",2,3
"48423",9,8
"48439",219,647
"48445",2,3
"48449",6,2
"48451",5,9
"48453",470,1909
"48459",2,NA
"48469",6,13
"48473",35,77
"48479",2,6
"48481",1,2
"48485",10,5
"48491",465,1100
"48495",2,NA
"48497",2,6
"48499",2,NA
"49011",2,11
"49021",1,1
"49029",1,NA
"49035",109,321
"49043",2,7
"49049",69,160
"49051",5,29
"49053",1,2
"49057",4,6
"50001",24,NA
"50007",9,54
"50011",1,NA
"50023",3,4
"50025",3,3
"50027",1,4
"51003",13,36
"51011",2,4
"51013",76,286
"51015",5,5
"51019",4,10
"51023",5,14
"51031",5,14
"51036",1,7
"51041",9,35
"51043",1,2
"51047",4,4
"51053",1,NA
"51059",1391,11484
"51061",1,2
"51069",1,7
"51075",127,131
"51083",1,NA
"51085",16,115
"51087",225,431
"51093",1,3
"51107",464,3358
"51113",2,4
"51121",4,8
"51137",1,3
"51143",3,9
"51145",5,9
"51149",1,3
"51153",19,96
"51157",1,2
"51161",9,20
"51177",2,2
"51181",7,33
"51183",6,31
"51185",2,NA
"51187",1,2
"51197",1,1
"51510",21,81
"51540",13,35
"51550",4,35
"51590",2,5
"51600",146,1278
"51610",16,5614
"51630",2,2
"51650",11,3
"51680",5,14
"51683",1,22
"51685",1,23
"51700",17,17
"51710",9,12
"51730",1,3
"51740",2,33
"51760",52,94
"51770",12,22
"51775",4,5
"51790",3,NA
"51800",4,37
"51810",6,18
"51820",1,3
"51830",1,5
"53005",3,3
"53007",5,2
"53009",1,NA
"53011",27,33
"53013",1,NA
"53021",3,2
"53023",1,NA
"53031",1,NA
"53033",4774,3475
"53035",1,12
"53039",2,1
"53045",2,NA
"53047",2,1
"53053",52,74
"53059",1,2
"53061",42,179
"53063",10,21
"53067",7,254
"53073",2,6
"53075",18,10
"53077",10,10
"54001",1,NA
"54009",1,NA
"54011",1,NA
"54033",3,2
"54035",1,1
"54039",21,43
"54049",3,2
"54051",1,NA
"54061",7,11
"54069",1,NA
"54079",1,1
"54091",2,2
"54099",2,2
"54107",2,1
"55001",1,NA
"55009",8,12
"55017",1,NA
"55019",16,17
"55025",151,157
"55027",3,6
"55031",1,1
"55033",1,3
"55035",1,1
"55039",5,3
"55043",1,NA
"55049",2,3
"55055",1,3
"55059",4,11
"55069",1,NA
"55071",1,1
"55073",22,20
"55075",1,12
"55079",198,416
"55083",2,16
"55087",7,13
"55089",4,21
"55093",2,1
"55097",2,1
"55101",6,39
"55103",1,3
"55105",23,17
"55109",4,8
"55111",1,2
"55115",2,5
"55117",7,8
"55127",1,4
"55131",5,9
"55133",140,1015
"55135",1,2
"55137",1,2
"55139",7,17
"55141",18,20
"56005",2,NA
"56021",7,8
"56039",1,16
"66010",39,12
"72025",1,2
"72041",1,NA
"72063",1,NA
"72069",1,NA
"72113",2,1
"72127",10,9
"72129",1,NA
"78030",4,12
NA,409,NA
"01001",NA,2
"01005",NA,2
"01031",NA,13
"01035",NA,1
"01037",NA,6
"01039",NA,1
"01045",NA,9
"01047",NA,1
"01051",NA,8
"01071",NA,1
"01075",NA,1
"01085",NA,1
"01091",NA,6
"01095",NA,1
"01105",NA,1
"01107",NA,1
"01109",NA,6
"01119",NA,2
"01123",NA,10
"01129",NA,4
"01131",NA,6
"02170",NA,1
"02290",NA,1
"04007",NA,2
"05031",NA,2
"05033",NA,1
"05035",NA,1
"05047",NA,1
"05055",NA,2
"05063",NA,1
"05097",NA,1
"05115",NA,1
"05127",NA,1
"06005",NA,1
"06049",NA,1
"08003",NA,1
"08015",NA,2
"08019",NA,1
"08021",NA,1
"08055",NA,1
"08067",NA,1
"08071",NA,1
"08085",NA,1
"08093",NA,1
"08105",NA,1
"08111",NA,1
"08125",NA,11
"12005",NA,7
"12039",NA,1
"12051",NA,2
"12063",NA,1
"12107",NA,3
"12123",NA,1
"12133",NA,1
"13001",NA,1
"13011",NA,1
"13031",NA,1
"13033",NA,2
"13035",NA,1
"13047",NA,1
"13055",NA,1
"13079",NA,1
"13085",NA,2
"13111",NA,2
"13115",NA,8
"13137",NA,1
"13145",NA,5
"13159",NA,2
"13163",NA,2
"13171",NA,1
"13177",NA,2
"13191",NA,2
"13193",NA,2
"13207",NA,2
"13225",NA,2
"13227",NA,3
"13231",NA,1
"13233",NA,1
"13257",NA,2
"13291",NA,2
"13295",NA,1
"13317",NA,1
"16043",NA,1
"16065",NA,1
"16083",NA,1
"17027",NA,1
"17029",NA,4
"17035",NA,4
"17101",NA,1
"17109",NA,1
"17121",NA,1
"17177",NA,4
"18001",NA,1
"18009",NA,4
"18035",NA,7
"18037",NA,3
"18041",NA,1
"18043",NA,2
"18045",NA,1
"18047",NA,4
"18049",NA,1
"18053",NA,5
"18059",NA,5
"18067",NA,5
"18073",NA,1
"18079",NA,6
"18103",NA,1
"18107",NA,1
"18129",NA,1
"18139",NA,3
"18147",NA,1
"18161",NA,1
"18179",NA,1
"19015",NA,1
"19035",NA,2
"19037",NA,1
"19043",NA,1
"19067",NA,1
"19069",NA,6
"19077",NA,1
"19079",NA,1
"19083",NA,4
"19093",NA,2
"19095",NA,2
"19099",NA,8
"19107",NA,1
"19121",NA,1
"19127",NA,2
"19157",NA,11
"19171",NA,2
"19187",NA,3
"19197",NA,1
"20011",NA,2
"20031",NA,1
"20043",NA,1
"20047",NA,1
"20051",NA,1
"20079",NA,2
"20085",NA,2
"20087",NA,2
"20097",NA,1
"20113",NA,1
"20179",NA,1
"20197",NA,12
"20207",NA,1
"21021",NA,2
"21041",NA,4
"21047",NA,2
"21071",NA,2
"21075",NA,1
"21077",NA,4
"21083",NA,4
"21087",NA,1
"21101",NA,1
"21105",NA,2
"21123",NA,1
"21135",NA,1
"21145",NA,3
"21149",NA,1
"21155",NA,1
"21157",NA,2
"21161",NA,1
"21179",NA,1
"21195",NA,2
"21217",NA,1
"21219",NA,3
"22001",NA,2
"22015",NA,8
"22045",NA,2
"22057",NA,5
"22073",NA,6
"22081",NA,1
"22101",NA,1
"22113",NA,3
"23007",NA,1
"23013",NA,1
"23017",NA,2
"23029",NA,1
"24017",NA,3
"24043",NA,3
"25019",NA,1
"26009",NA,2
"26027",NA,2
"26029",NA,2
"26031",NA,1
"26035",NA,2
"26043",NA,1
"26053",NA,1
"26057",NA,1
"26063",NA,3
"26103",NA,1
"26105",NA,3
"26117",NA,1
"26129",NA,1
"26149",NA,2
"27005",NA,1
"27009",NA,3
"27013",NA,5
"27023",NA,2
"27039",NA,2
"27061",NA,1
"27079",NA,1
"27081",NA,2
"27091",NA,3
"27103",NA,6
"27111",NA,1
"27117",NA,2
"27133",NA,2
"27143",NA,1
"27167",NA,1
"27173",NA,2
"28017",NA,1
"28071",NA,4
"28091",NA,1
"28095",NA,1
"28109",NA,1
"28131",NA,1
"29023",NA,3
"29029",NA,1
"29031",NA,2
"29035",NA,3
"29043",NA,1
"29059",NA,1
"29073",NA,2
"29105",NA,1
"29113",NA,2
"29129",NA,28
"29131",NA,1
"29139",NA,2
"29141",NA,1
"29151",NA,3
"29213",NA,1
"29219",NA,4
"30009",NA,1
"30021",NA,1
"30049",NA,1
"30081",NA,7
"30093",NA,1
"31035",NA,1
"31081",NA,1
"31177",NA,1
"31185",NA,1
"32019",NA,1
"32033",NA,1
"35007",NA,1
"35041",NA,2
"35045",NA,2
"35055",NA,2
"36003",NA,1
"36013",NA,6
"36021",NA,5
"36025",NA,2
"36039",NA,1
"36053",NA,3
"36057",NA,1
"36073",NA,2
"36077",NA,2
"36113",NA,3
"37027",NA,3
"37029",NA,1
"37047",NA,1
"37049",NA,1
"37053",NA,1
"37055",NA,2
"37061",NA,2
"37069",NA,7
"37109",NA,6
"37111",NA,2
"37137",NA,1
"37139",NA,1
"37157",NA,2
"37163",NA,3
"37171",NA,2
"37175",NA,1
"37187",NA,1
"37189",NA,4
"37191",NA,1
"37193",NA,4
"38015",NA,6
"38027",NA,1
"38029",NA,1
"38031",NA,1
"38053",NA,1
"38059",NA,1
"38093",NA,1
"38103",NA,1
"39019",NA,2
"39021",NA,2
"39029",NA,3
"39059",NA,1
"39073",NA,1
"39083",NA,1
"39087",NA,1
"39125",NA,1
"39129",NA,1
"39131",NA,1
"39137",NA,1
"39141",NA,1
"39161",NA,1
"40033",NA,1
"40063",NA,4
"40067",NA,1
"40073",NA,3
"40077",NA,1
"40103",NA,2
"40107",NA,2
"40111",NA,1
"40123",NA,1
"40125",NA,3
"40133",NA,7
"41009",NA,1
"41013",NA,3
"41017",NA,6
"41053",NA,3
"42037",NA,3
"42051",NA,2
"42057",NA,1
"42119",NA,4
"42127",NA,1
"44009",NA,2
"45021",NA,1
"45033",NA,2
"46081",NA,1
"46091",NA,1
"46093",NA,2
"46103",NA,2
"46117",NA,1
"46127",NA,2
"46129",NA,1
"47009",NA,2
"47057",NA,2
"47089",NA,5
"47115",NA,1
"47147",NA,2
"47155",NA,5
"48005",NA,4
"48015",NA,2
"48021",NA,4
"48037",NA,1
"48059",NA,1
"48069",NA,1
"48089",NA,3
"48105",NA,1
"48117",NA,1
"48149",NA,2
"48151",NA,4
"48179",NA,1
"48199",NA,1
"48221",NA,2
"48231",NA,4
"48241",NA,3
"48259",NA,2
"48273",NA,1
"48287",NA,4
"48341",NA,1
"48349",NA,5
"48353",NA,4
"48375",NA,26
"48381",NA,25
"48395",NA,2
"48401",NA,1
"48409",NA,1
"48429",NA,1
"48441",NA,10
"48457",NA,1
"48493",NA,5
"48503",NA,1
"49005",NA,6
"50015",NA,1
"51009",NA,1
"51033",NA,2
"51063",NA,1
"51067",NA,1
"51089",NA,1
"51095",NA,5
"51101",NA,1
"51125",NA,2
"51127",NA,1
"51139",NA,1
"51155",NA,1
"51165",NA,3
"51169",NA,1
"51175",NA,1
"51179",NA,2
"51191",NA,1
"51195",NA,2
"51199",NA,10
"51520",NA,1
"51570",NA,2
"51620",NA,1
"51660",NA,2
"51690",NA,1
"51720",NA,1
"51750",NA,1
"51840",NA,1
"53015",NA,2
"53025",NA,1
"53029",NA,1
"53037",NA,1
"53041",NA,1
"53055",NA,1
"53057",NA,1
"53071",NA,1
"54003",NA,1
"54019",NA,3
"54037",NA,2
"54053",NA,1
"54055",NA,1
"54065",NA,1
"54081",NA,3
"54087",NA,1
"55021",NA,1
"55029",NA,1
"55047",NA,1
"55053",NA,1
"55061",NA,1
"55063",NA,4
"55077",NA,1
"55081",NA,2
"55095",NA,3
"55121",NA,1
"55123",NA,2
"56025",NA,1
"72021",NA,4
"72031",NA,1
"72051",NA,1
"72053",NA,2
"72061",NA,8
"72135",NA,1
"72137",NA,1
"72139",NA,3
"72143",NA,1
"78010",NA,2
"78020",NA,6
"Unknown",NA,507
